Time,Setpoint,ProcessValue,Output,Mode,State,ErrorBits
2019-02-14T10:55:39.900Z,35,0.014467592351138592,100,3,3,0
2019-02-14T10:55:45.374Z,35,0.014467592351138592,100,3,3,0
2019-02-14T10:55:50.384Z,35,0.014467592351138592,100,3,3,0
2019-02-14T10:55:55.389Z,35,0.014467592351138592,100,3,3,0
2019-02-14T10:56:00.403Z,35,0.014467592351138592,100,3,3,0
2019-02-14T10:56:05.406Z,35,0.014467592351138592,100,3,3,0
2019-02-14T10:56:10.412Z,35,0.014467592351138592,100,3,3,0
2019-02-14T10:56:15.420Z,35,0.014467592351138592,100,3,3,0
2019-02-14T10:56:20.428Z,35,0.014467592351138592,100,3,3,0
2019-02-14T10:56:25.433Z,35,0.014467592351138592,100,3,3,0
2019-02-14T10:56:30.438Z,35,0.014467592351138592,100,3,3,0
2019-02-14T10:56:35.448Z,35,0.014467592351138592,100,3,3,0
2019-02-14T10:56:40.456Z,35,0.014467592351138592,100,3,3,0
2019-02-14T10:56:45.459Z,35,0.014467592351138592,100,3,3,0
2019-02-14T10:56:50.470Z,35,0.014467592351138592,100,3,3,0
2019-02-14T10:56:55.475Z,35,0.014467592351138592,100,3,3,0
2019-02-14T10:57:00.482Z,35,0.014467592351138592,100,3,3,0
2019-02-14T10:57:05.495Z,35,0.014467592351138592,100,3,3,0
2019-02-14T10:57:10.499Z,35,0.014467592351138592,100,3,3,0
2019-02-14T10:57:15.505Z,35,0.014467592351138592,100,3,3,0
2019-02-14T10:57:20.513Z,35,0.014467592351138592,100,3,3,0
2019-02-14T10:57:25.524Z,35,0.014467592351138592,100,3,3,0
2019-02-14T10:57:30.528Z,35,0.014467592351138592,100,3,3,0
2019-02-14T10:57:35.540Z,35,0.014467592351138592,100,3,3,0
2019-02-14T10:57:40.540Z,35,0.014467592351138592,100,3,3,0
2019-02-14T10:57:45.546Z,35,0.014467592351138592,100,3,3,0
2019-02-14T10:57:50.556Z,35,0.014467592351138592,100,3,3,0
2019-02-14T10:57:55.563Z,35,0.014467592351138592,100,3,3,0
2019-02-14T10:58:00.571Z,35,0.014467592351138592,100,3,3,0
2019-02-14T10:58:05.577Z,35,0.014467592351138592,100,3,3,0
2019-02-14T10:58:10.586Z,35,0.014467592351138592,100,3,3,0
2019-02-14T10:58:15.592Z,35,0.014467592351138592,100,3,3,0
2019-02-14T10:58:20.594Z,35,0.014467592351138592,100,3,3,0
2019-02-14T10:58:25.603Z,35,0.014467592351138592,100,3,3,0
2019-02-14T10:58:30.610Z,35,0.014467592351138592,100,3,3,0
2019-02-14T10:58:35.614Z,35,0.014467592351138592,100,3,3,0
2019-02-14T10:58:40.624Z,35,0.014467592351138592,100,3,3,0
2019-02-14T10:58:45.633Z,35,0.014467592351138592,100,3,3,0
2019-02-14T10:58:50.634Z,35,0.014467592351138592,100,3,3,0
2019-02-14T10:58:55.643Z,35,0.014467592351138592,100,3,3,0
2019-02-14T10:59:00.651Z,35,0.014467592351138592,100,3,3,0
2019-02-14T10:59:05.660Z,35,0.014467592351138592,100,3,3,0
2019-02-14T10:59:10.665Z,35,0.014467592351138592,100,3,3,0
2019-02-14T10:59:15.672Z,35,0.014467592351138592,100,3,3,0
2019-02-14T10:59:20.679Z,35,0.014467592351138592,100,3,3,0
2019-02-14T10:59:25.685Z,35,0.014467592351138592,100,3,3,0
2019-02-14T10:59:30.694Z,35,0.014467592351138592,100,3,3,0
2019-02-14T10:59:35.700Z,35,0.014467592351138592,100,3,3,0
2019-02-14T10:59:40.706Z,35,0.014467592351138592,100,3,3,0
2019-02-14T10:59:45.714Z,35,0.014467592351138592,100,3,3,0
2019-02-14T10:59:50.719Z,35,0.014467592351138592,100,3,3,0
2019-02-14T10:59:55.726Z,35,0.014467592351138592,100,3,3,0
2019-02-14T11:00:00.740Z,35,0.014467592351138592,100,3,3,0
2019-02-14T11:00:05.750Z,35,0.028935184702277184,100,3,3,0
2019-02-14T11:00:10.754Z,35,0.014467592351138592,100,3,3,0
2019-02-14T11:00:15.762Z,35,0.014467592351138592,100,3,3,0
2019-02-14T11:00:20.770Z,35,0.014467592351138592,100,3,3,0
2019-02-14T11:00:25.775Z,35,0.014467592351138592,100,3,3,0
2019-02-14T11:00:30.777Z,35,0.014467592351138592,100,3,3,0
2019-02-14T11:00:35.788Z,35,0.014467592351138592,100,3,3,0
2019-02-14T11:00:41.288Z,35,0.014467592351138592,100,3,3,0
2019-02-14T11:00:46.293Z,35,0.014467592351138592,100,3,3,0
2019-02-14T11:00:51.302Z,35,0.014467592351138592,100,3,3,0
2019-02-14T11:00:56.309Z,35,0.014467592351138592,100,3,3,0
2019-02-14T11:01:01.314Z,35,0.014467592351138592,100,3,3,0
2019-02-14T11:01:06.320Z,35,0.014467592351138592,100,3,3,0
2019-02-14T11:01:11.331Z,35,0.014467592351138592,100,3,3,0
2019-02-14T11:01:16.344Z,35,0.014467592351138592,100,3,3,0
2019-02-14T11:01:21.353Z,35,0.014467592351138592,100,3,3,0
2019-02-14T11:01:26.861Z,35,0.014467592351138592,100,3,3,0
2019-02-14T11:01:32.360Z,35,0.014467592351138592,100,3,3,0
2019-02-14T11:01:37.368Z,35,0.014467592351138592,100,3,3,0
2019-02-14T11:01:42.373Z,35,0.014467592351138592,100,3,3,0
2019-02-14T11:01:47.388Z,35,0.014467592351138592,100,3,3,0
2019-02-14T11:01:52.394Z,35,0.014467592351138592,100,3,3,0
2019-02-14T11:01:57.394Z,35,0.014467592351138592,100,3,3,0
2019-02-14T11:02:02.399Z,35,0.014467592351138592,100,3,3,0
2019-02-14T11:02:07.406Z,35,0.014467592351138592,100,3,3,0
2019-02-14T11:02:12.406Z,35,0.014467592351138592,100,3,3,0
2019-02-14T11:02:17.414Z,35,0.014467592351138592,100,3,3,0
2019-02-14T11:02:22.424Z,35,0.014467592351138592,100,3,3,0
2019-02-14T11:02:27.437Z,35,0.014467592351138592,100,3,3,0
2019-02-14T11:02:32.447Z,35,0.014467592351138592,100,3,3,0
2019-02-14T11:02:37.449Z,35,0.014467592351138592,100,3,3,0
2019-02-14T11:02:42.456Z,35,0.014467592351138592,100,3,3,0
2019-02-14T11:02:47.461Z,35,0.014467592351138592,100,3,3,0
2019-02-14T11:02:52.463Z,35,0.014467592351138592,100,3,3,0
2019-02-14T11:02:57.482Z,35,0.014467592351138592,100,3,3,0
2019-02-14T11:03:02.488Z,35,0.014467592351138592,100,3,3,0
2019-02-14T11:03:07.497Z,35,0.014467592351138592,100,3,3,0
2019-02-14T11:03:12.501Z,35,0.014467592351138592,100,3,3,0
2019-02-14T11:03:17.505Z,35,0.014467592351138592,100,3,3,0
2019-02-14T11:03:22.508Z,35,0.014467592351138592,100,3,3,0
2019-02-14T11:03:28.004Z,35,0.014467592351138592,100,3,3,0
2019-02-14T11:03:33.015Z,35,0.014467592351138592,100,3,3,0
2019-02-14T11:03:38.030Z,35,0.014467592351138592,100,3,3,0
2019-02-14T11:03:43.534Z,35,0.014467592351138592,100,3,3,0
2019-02-14T11:03:48.543Z,35,0.014467592351138592,100,3,3,0
2019-02-14T11:03:54.047Z,35,0.014467592351138592,100,3,3,0
2019-02-14T11:03:59.047Z,35,0.014467592351138592,100,3,3,0
2019-02-14T11:04:04.062Z,35,0.014467592351138592,100,3,3,0
2019-02-14T11:04:09.559Z,35,0.014467592351138592,100,3,3,0
2019-02-14T11:04:14.565Z,35,0.014467592351138592,100,3,3,0
2019-02-14T11:04:19.570Z,35,0.014467592351138592,100,3,3,0
2019-02-14T11:04:24.578Z,35,0.014467592351138592,100,3,3,0
2019-02-14T11:04:29.590Z,35,0.014467592351138592,100,3,3,0
2019-02-14T11:04:34.594Z,35,0.014467592351138592,100,3,3,0
2019-02-14T11:04:39.599Z,35,0.014467592351138592,100,3,3,0
2019-02-14T11:04:44.620Z,35,0.014467592351138592,100,3,3,0
2019-02-14T11:04:50.121Z,35,0.014467592351138592,100,3,3,0
2019-02-14T11:04:55.125Z,35,0.014467592351138592,100,3,3,0
2019-02-14T11:05:00.133Z,35,0.014467592351138592,100,3,3,0
2019-02-14T11:05:05.143Z,35,0.014467592351138592,100,3,3,0
2019-02-14T11:05:10.160Z,35,0.014467592351138592,100,3,3,0
2019-02-14T11:05:15.667Z,35,0.014467592351138592,100,3,3,0
2019-02-14T11:05:20.677Z,35,0.014467592351138592,100,3,3,0
2019-02-14T11:05:25.685Z,35,0.014467592351138592,100,3,3,0
2019-02-14T11:05:30.693Z,35,0.014467592351138592,100,3,3,0
2019-02-14T11:05:35.693Z,35,0.014467592351138592,100,3,3,0
2019-02-14T11:05:40.700Z,35,0.014467592351138592,100,3,3,0
2019-02-14T11:05:46.196Z,35,0.014467592351138592,100,3,3,0
2019-02-14T11:05:51.211Z,35,0.014467592351138592,100,3,3,0
2019-02-14T11:05:56.220Z,35,0.014467592351138592,100,3,3,0
2019-02-14T11:06:01.230Z,35,0.014467592351138592,100,3,3,0
2019-02-14T11:06:06.232Z,35,0.014467592351138592,100,3,3,0
2019-02-14T11:06:11.240Z,35,0.014467592351138592,100,3,3,0
2019-02-14T11:06:16.242Z,35,0.014467592351138592,100,3,3,0
2019-02-14T11:06:21.247Z,35,0.014467592351138592,100,3,3,0
2019-02-14T11:06:26.260Z,35,0.014467592351138592,100,3,3,0
2019-02-14T11:06:31.268Z,35,0.014467592351138592,100,3,3,0
2019-02-14T11:06:36.774Z,35,0.014467592351138592,100,3,3,0
2019-02-14T11:06:41.778Z,35,0.014467592351138592,100,3,3,0
2019-02-14T11:06:47.299Z,35,0.014467592351138592,100,3,3,0
2019-02-14T11:06:52.793Z,35,0.014467592351138592,100,3,3,0
2019-02-14T11:06:57.800Z,35,0.014467592351138592,100,3,3,0
2019-02-14T11:07:02.809Z,35,0.014467592351138592,100,3,3,0
2019-02-14T11:07:07.812Z,35,0.014467592351138592,100,3,3,0
2019-02-14T11:07:12.822Z,35,0.014467592351138592,100,3,3,0
2019-02-14T11:07:17.829Z,35,0.014467592351138592,100,3,3,0
2019-02-14T11:07:22.834Z,35,0.014467592351138592,100,3,3,0
2019-02-14T11:07:27.847Z,35,0.014467592351138592,100,3,3,0
2019-02-14T11:07:32.864Z,35,0.014467592351138592,100,3,3,0
2019-02-14T11:07:37.867Z,35,0.014467592351138592,100,3,3,0
2019-02-14T11:07:43.358Z,35,0.014467592351138592,100,3,3,0
2019-02-14T11:07:48.869Z,35,0.014467592351138592,100,3,3,0
2019-02-14T11:07:53.874Z,35,0.014467592351138592,100,3,3,0
2019-02-14T11:07:59.377Z,35,0.014467592351138592,100,3,3,0
2019-02-14T11:08:04.385Z,35,0.014467592351138592,100,3,3,0
2019-02-14T11:08:09.390Z,35,0.014467592351138592,100,3,3,0
2019-02-14T11:08:14.392Z,35,0.014467592351138592,100,3,3,0
2019-02-14T11:08:19.401Z,35,0.014467592351138592,100,3,3,0
2019-02-14T11:08:24.405Z,35,0.014467592351138592,100,3,3,0
2019-02-14T11:08:29.418Z,35,0.014467592351138592,100,3,3,0
2019-02-14T11:08:34.924Z,35,0.014467592351138592,100,3,3,0
2019-02-14T11:08:39.942Z,35,0.014467592351138592,100,3,3,0
2019-02-14T11:08:45.426Z,35,0.014467592351138592,100,3,3,0
2019-02-14T11:08:50.448Z,35,0.014467592351138592,100,3,3,0
2019-02-14T11:08:55.938Z,35,0.014467592351138592,100,3,3,0
2019-02-14T11:09:00.941Z,35,0.014467592351138592,100,3,3,0
2019-02-14T11:09:05.946Z,35,0.014467592351138592,100,3,3,0
2019-02-14T11:09:10.949Z,35,0.014467592351138592,100,3,3,0
2019-02-14T11:09:15.970Z,35,0.014467592351138592,100,3,3,0
2019-02-14T11:09:21.455Z,35,0.014467592351138592,100,3,3,0
2019-02-14T11:09:26.479Z,35,0.014467592351138592,100,3,3,0
2019-02-14T11:09:31.487Z,35,0.014467592351138592,100,3,3,0
2019-02-14T11:09:37.052Z,35,0.014467592351138592,100,3,3,0
2019-02-14T11:09:42.479Z,35,0.014467592351138592,100,3,3,0
2019-02-14T11:09:47.604Z,35,0.014467592351138592,100,3,3,0
2019-02-14T11:09:52.988Z,35,0.014467592351138592,100,3,3,0
2019-02-14T11:09:58.496Z,35,0.014467592351138592,100,3,3,0
2019-02-14T11:10:03.986Z,35,0.014467592351138592,100,3,3,0
2019-02-14T11:10:09.011Z,35,0.014467592351138592,100,3,3,0
2019-02-14T11:10:14.511Z,35,0.014467592351138592,100,3,3,0
2019-02-14T11:10:19.517Z,35,0.014467592351138592,100,3,3,0
2019-02-14T11:10:24.528Z,35,0.014467592351138592,100,3,3,0
2019-02-14T11:10:29.530Z,35,0.014467592351138592,100,3,3,0
2019-02-14T11:10:34.552Z,35,0.014467592351138592,100,3,3,0
2019-02-14T11:10:40.059Z,35,0.014467592351138592,100,3,3,0
2019-02-14T11:10:45.542Z,35,0.014467592351138592,100,3,3,0
2019-02-14T11:10:50.568Z,35,0.014467592351138592,100,3,3,0
2019-02-14T11:10:55.618Z,35,0.014467592351138592,100,3,3,0
2019-02-14T11:11:01.076Z,35,0.014467592351138592,100,3,3,0
2019-02-14T11:11:06.080Z,35,0.014467592351138592,100,3,3,0
2019-02-14T11:11:11.593Z,35,0.014467592351138592,100,3,3,0
2019-02-14T11:11:16.662Z,35,0.014467592351138592,100,3,3,0
2019-02-14T11:11:22.080Z,35,0.014467592351138592,100,3,3,0
2019-02-14T11:11:27.081Z,35,0.014467592351138592,100,3,3,0
2019-02-14T11:11:32.117Z,35,0.014467592351138592,100,3,3,0
2019-02-14T11:11:37.141Z,35,0.014467592351138592,100,3,3,0
2019-02-14T11:11:42.626Z,35,0.014467592351138592,100,3,3,0
2019-02-14T11:11:47.636Z,35,0.014467592351138592,100,3,3,0
2019-02-14T11:11:52.639Z,35,0.014467592351138592,100,3,3,0
2019-02-14T11:11:57.648Z,35,0.014467592351138592,100,3,3,0
2019-02-14T11:12:03.135Z,35,0.014467592351138592,100,3,3,0
2019-02-14T11:12:08.140Z,35,0.014467592351138592,100,3,3,0
2019-02-14T11:12:13.146Z,35,0.014467592351138592,100,3,3,0
2019-02-14T11:12:18.648Z,35,0.014467592351138592,100,3,3,0
2019-02-14T11:12:23.651Z,35,0.014467592351138592,100,3,3,0
2019-02-14T11:12:28.655Z,35,0.014467592351138592,100,3,3,0
2019-02-14T11:12:33.665Z,35,0.014467592351138592,100,3,3,0
2019-02-14T11:12:38.670Z,35,0.014467592351138592,100,3,3,0
2019-02-14T11:12:43.672Z,35,0.014467592351138592,100,3,3,0
2019-02-14T11:12:48.679Z,35,0.014467592351138592,100,3,3,0
2019-02-14T11:12:53.686Z,35,0.014467592351138592,100,3,3,0
2019-02-14T11:12:58.693Z,35,0.014467592351138592,100,3,3,0
2019-02-14T11:13:03.699Z,35,0.014467592351138592,100,3,3,0
2019-02-14T11:13:08.706Z,35,0.014467592351138592,100,3,3,0
2019-02-14T11:13:13.711Z,35,0.014467592351138592,100,3,3,0
2019-02-14T11:13:18.716Z,35,0.014467592351138592,100,3,3,0
2019-02-14T11:13:23.724Z,35,0.014467592351138592,100,3,3,0
2019-02-14T11:13:28.744Z,35,0.014467592351138592,100,3,3,0
2019-02-14T11:13:33.875Z,35,0.014467592351138592,100,3,3,0
2019-02-14T11:13:39.269Z,35,0.014467592351138592,100,3,3,0
2019-02-14T11:13:44.747Z,35,0.014467592351138592,100,3,3,0
2019-02-14T11:13:49.767Z,35,0.014467592351138592,100,3,3,0
2019-02-14T11:13:54.776Z,35,0.014467592351138592,100,3,3,0
2019-02-14T11:13:59.776Z,35,0.014467592351138592,100,3,3,0
2019-02-14T11:14:04.788Z,35,0.014467592351138592,100,3,3,0
2019-02-14T11:14:10.289Z,35,0.014467592351138592,100,3,3,0
2019-02-14T11:14:15.296Z,35,0.014467592351138592,100,3,3,0
2019-02-14T11:14:20.947Z,35,0.014467592351138592,100,3,3,0
2019-02-14T11:14:26.301Z,35,0.014467592351138592,100,3,3,0
2019-02-14T11:14:31.311Z,35,0.014467592351138592,100,3,3,0
2019-02-14T11:14:36.919Z,35,0.014467592351138592,100,3,3,0
2019-02-14T11:14:42.314Z,35,0.014467592351138592,100,3,3,0
2019-02-14T11:14:47.324Z,35,0.014467592351138592,100,3,3,0
2019-02-14T11:14:52.324Z,35,0.014467592351138592,100,3,3,0
2019-02-14T11:14:57.325Z,35,0.014467592351138592,100,3,3,0
2019-02-14T11:15:02.986Z,35,0.014467592351138592,100,3,3,0
2019-02-14T11:15:08.333Z,35,0.014467592351138592,100,3,3,0
2019-02-14T11:15:13.352Z,35,0.014467592351138592,100,3,3,0
2019-02-14T11:15:18.998Z,35,0.014467592351138592,100,3,3,0
2019-02-14T11:15:24.341Z,35,0.014467592351138592,100,3,3,0
2019-02-14T11:15:29.348Z,35,0.014467592351138592,100,3,3,0
2019-02-14T11:15:34.366Z,35,0.014467592351138592,100,3,3,0
2019-02-14T11:15:39.864Z,35,0.014467592351138592,100,3,3,0
2019-02-14T11:15:44.971Z,35,0.014467592351138592,100,3,3,0
2019-02-14T11:15:49.976Z,35,0.014467592351138592,100,3,3,0
2019-02-14T11:15:55.386Z,35,0.014467592351138592,100,3,3,0
2019-02-14T11:16:00.392Z,35,0.014467592351138592,100,3,3,0
2019-02-14T11:16:05.394Z,35,0.014467592351138592,100,3,3,0
2019-02-14T11:16:10.905Z,35,0.014467592351138592,100,3,3,0
2019-02-14T11:16:15.914Z,35,0.014467592351138592,100,3,3,0
2019-02-14T11:16:21.406Z,35,0.014467592351138592,100,3,3,0
2019-02-14T11:16:26.408Z,35,0.014467592351138592,100,3,3,0
2019-02-14T11:16:31.421Z,35,0.014467592351138592,100,3,3,0
2019-02-14T11:16:36.934Z,35,0.014467592351138592,100,3,3,0
2019-02-14T11:16:42.419Z,35,0.014467592351138592,100,3,3,0
2019-02-14T11:16:47.433Z,35,0.014467592351138592,100,3,3,0
2019-02-14T11:16:52.438Z,35,0.014467592351138592,100,3,3,0
2019-02-14T11:16:57.958Z,35,0.014467592351138592,100,3,3,0
2019-02-14T11:17:03.437Z,35,0.014467592351138592,100,3,3,0
2019-02-14T11:17:08.465Z,35,0.014467592351138592,100,3,3,0
2019-02-14T11:17:13.947Z,35,0.014467592351138592,100,3,3,0
2019-02-14T11:17:18.957Z,35,0.014467592351138592,100,3,3,0
2019-02-14T11:17:23.972Z,35,0.014467592351138592,100,3,3,0
2019-02-14T11:17:29.053Z,35,0.014467592351138592,100,3,3,0
2019-02-14T11:17:34.479Z,35,0.014467592351138592,100,3,3,0
2019-02-14T11:17:39.485Z,35,0.014467592351138592,100,3,3,0
2019-02-14T11:17:44.603Z,35,0.014467592351138592,100,3,3,0
2019-02-14T11:17:50.123Z,35,0.014467592351138592,100,3,3,0
2019-02-14T11:17:55.488Z,35,0.014467592351138592,100,3,3,0
2019-02-14T11:18:00.493Z,35,0.014467592351138592,100,3,3,0
2019-02-14T11:18:05.500Z,35,0.014467592351138592,100,3,3,0
2019-02-14T11:18:10.687Z,35,0.014467592351138592,100,3,3,0
2019-02-14T11:18:16.001Z,35,0.014467592351138592,100,3,3,0
2019-02-14T11:18:21.009Z,35,0.014467592351138592,100,3,3,0
2019-02-14T11:18:26.693Z,35,0.014467592351138592,100,3,3,0
2019-02-14T11:18:32.031Z,35,0.014467592351138592,100,3,3,0
2019-02-14T11:18:37.695Z,35,0.014467592351138592,100,3,3,0
2019-02-14T11:18:43.209Z,35,0.014467592351138592,100,3,3,0
2019-02-14T11:18:48.718Z,35,0.014467592351138592,100,3,3,0
2019-02-14T11:18:54.059Z,35,0.014467592351138592,100,3,3,0
2019-02-14T11:18:59.065Z,35,0.014467592351138592,100,3,3,0
2019-02-14T11:19:04.564Z,35,0.014467592351138592,100,3,3,0
2019-02-14T11:19:09.572Z,35,0.014467592351138592,100,3,3,0
2019-02-14T11:19:14.739Z,35,0.014467592351138592,100,3,3,0
2019-02-14T11:19:20.074Z,35,0.014467592351138592,100,3,3,0
2019-02-14T11:19:25.748Z,35,0.014467592351138592,100,3,3,0
2019-02-14T11:19:31.249Z,35,0.014467592351138592,100,3,3,0
2019-02-14T11:19:36.570Z,35,0.014467592351138592,100,3,3,0
2019-02-14T11:19:41.581Z,35,0.014467592351138592,100,3,3,0
2019-02-14T11:19:46.604Z,35,0.014467592351138592,100,3,3,0
2019-02-14T11:19:52.093Z,35,0.014467592351138592,100,3,3,0
2019-02-14T11:19:57.126Z,35,0.014467592351138592,100,3,3,0
2019-02-14T11:20:02.599Z,35,0.014467592351138592,100,3,3,0
2019-02-14T11:20:07.603Z,35,0.014467592351138592,100,3,3,0
2019-02-14T11:20:12.623Z,35,0.014467592351138592,100,3,3,0
2019-02-14T11:20:17.627Z,35,0.014467592351138592,100,3,3,0
2019-02-14T11:20:22.630Z,35,0.014467592351138592,100,3,3,0
2019-02-14T11:20:27.633Z,35,0.014467592351138592,100,3,3,0
2019-02-14T11:20:33.138Z,35,0.014467592351138592,100,3,3,0
2019-02-14T11:20:38.143Z,35,0.014467592351138592,100,3,3,0
2019-02-14T11:20:43.646Z,35,0.014467592351138592,100,3,3,0
2019-02-14T11:20:48.839Z,35,0.014467592351138592,100,3,3,0
2019-02-14T11:20:54.153Z,35,0.014467592351138592,100,3,3,0
2019-02-14T11:20:59.322Z,35,0.014467592351138592,100,3,3,0
2019-02-14T11:21:04.654Z,35,0.014467592351138592,100,3,3,0
2019-02-14T11:21:09.836Z,35,0.014467592351138592,100,3,3,0
2019-02-14T11:21:15.165Z,35,0.014467592351138592,100,3,3,0
2019-02-14T11:21:20.357Z,35,0.014467592351138592,100,3,3,0
2019-02-14T11:21:25.676Z,35,0.014467592351138592,100,3,3,0
2019-02-14T11:21:30.868Z,35,0.014467592351138592,100,3,3,0
2019-02-14T11:21:36.183Z,35,0.014467592351138592,100,3,3,0
2019-02-14T11:21:41.685Z,35,0.014467592351138592,100,3,3,0
2019-02-14T11:21:46.692Z,35,0.014467592351138592,100,3,3,0
2019-02-14T11:21:51.856Z,35,0.014467592351138592,100,3,3,0
2019-02-14T11:21:57.235Z,35,0.014467592351138592,100,3,3,0
2019-02-14T11:22:02.389Z,35,0.014467592351138592,100,3,3,0
2019-02-14T11:22:07.704Z,35,0.014467592351138592,100,3,3,0
2019-02-14T11:22:12.884Z,35,0.014467592351138592,100,3,3,0
2019-02-14T11:22:18.213Z,35,0.014467592351138592,100,3,3,0
2019-02-14T11:22:23.276Z,35,0.014467592351138592,100,3,3,0
2019-02-14T11:22:28.719Z,35,0.014467592351138592,100,3,3,0
2019-02-14T11:22:33.856Z,35,0.014467592351138592,100,3,3,0
2019-02-14T11:22:39.222Z,35,0.014467592351138592,100,3,3,0
2019-02-14T11:22:44.734Z,35,0.014467592351138592,100,3,3,0
2019-02-14T11:22:49.758Z,35,0.014467592351138592,100,3,3,0
2019-02-14T11:22:54.934Z,35,0.014467592351138592,100,3,3,0
2019-02-14T11:23:00.257Z,35,0.014467592351138592,100,3,3,0
2019-02-14T11:23:05.257Z,35,0.014467592351138592,100,3,3,0
2019-02-14T11:23:10.264Z,35,0.014467592351138592,100,3,3,0
2019-02-14T11:23:15.270Z,35,0.014467592351138592,100,3,3,0
2019-02-14T11:23:20.298Z,35,0.014467592351138592,100,3,3,0
2019-02-14T11:23:25.311Z,35,0.014467592351138592,100,3,3,0
2019-02-14T11:23:30.321Z,35,0.014467592351138592,100,3,3,0
2019-02-14T11:23:35.824Z,35,0.014467592351138592,100,3,3,0
2019-02-14T11:23:40.844Z,35,0.014467592351138592,100,3,3,0
2019-02-14T11:23:45.847Z,35,0.014467592351138592,100,3,3,0
2019-02-14T11:23:50.851Z,35,0.014467592351138592,100,3,3,0
2019-02-14T11:23:55.905Z,35,0.014467592351138592,100,3,3,0
2019-02-14T11:24:00.917Z,35,0.014467592351138592,100,3,3,0
2019-02-14T11:24:05.937Z,35,0.014467592351138592,100,3,3,0
2019-02-14T11:24:11.000Z,35,0.014467592351138592,100,3,3,0
2019-02-14T11:24:16.026Z,35,0.014467592351138592,100,3,3,0
2019-02-14T11:24:21.037Z,35,0.014467592351138592,100,3,3,0
2019-02-14T11:24:26.099Z,35,0.014467592351138592,100,3,3,0
2019-02-14T11:24:31.147Z,35,0.014467592351138592,100,3,3,0
2019-02-14T11:24:36.163Z,35,0.014467592351138592,100,3,3,0
2019-02-14T11:24:41.250Z,35,0.014467592351138592,100,3,3,0
2019-02-14T11:24:46.286Z,35,0.014467592351138592,100,3,3,0
2019-02-14T11:24:51.341Z,35,0.014467592351138592,100,3,3,0
2019-02-14T11:24:56.341Z,35,0.014467592351138592,100,3,3,0
2019-02-14T11:25:01.406Z,35,0.014467592351138592,100,3,3,0
2019-02-14T11:25:06.407Z,35,0.014467592351138592,100,3,3,0
2019-02-14T11:25:11.430Z,35,0.014467592351138592,100,3,3,0
2019-02-14T11:25:16.444Z,35,0.014467592351138592,100,3,3,0
2019-02-14T11:25:21.536Z,35,0.014467592351138592,100,3,3,0
2019-02-14T11:25:27.003Z,35,0.014467592351138592,100,3,3,0
2019-02-14T11:25:32.208Z,35,0.014467592351138592,100,3,3,0
2019-02-14T11:25:37.612Z,35,0.014467592351138592,100,3,3,0
2019-02-14T11:25:42.850Z,35,0.014467592351138592,100,3,3,0
2019-02-14T11:25:48.218Z,35,0.014467592351138592,100,3,3,0
2019-02-14T11:25:53.434Z,35,0.014467592351138592,100,3,3,0
2019-02-14T11:25:58.869Z,35,0.014467592351138592,100,3,3,0
2019-02-14T11:26:04.105Z,35,0.014467592351138592,100,3,3,0
2019-02-14T11:26:09.511Z,35,0.014467592351138592,100,3,3,0
2019-02-14T11:26:14.722Z,35,0.014467592351138592,100,3,3,0
2019-02-14T11:26:20.126Z,35,0.014467592351138592,100,3,3,0
2019-02-14T11:26:25.371Z,35,0.014467592351138592,100,3,3,0
2019-02-14T11:26:30.786Z,35,0.014467592351138592,100,3,3,0
2019-02-14T11:26:36.031Z,35,0.014467592351138592,100,3,3,0
2019-02-14T11:26:41.503Z,35,0.014467592351138592,100,3,3,0
2019-02-14T11:26:46.761Z,35,0.014467592351138592,100,3,3,0
2019-02-14T11:26:52.167Z,35,0.014467592351138592,100,3,3,0
2019-02-14T11:26:57.512Z,35,0.014467592351138592,100,3,3,0
2019-02-14T11:27:02.958Z,35,0.014467592351138592,100,3,3,0
2019-02-14T11:27:08.201Z,35,0.014467592351138592,100,3,3,0
2019-02-14T11:27:13.211Z,35,0.014467592351138592,100,3,3,0
2019-02-14T11:27:18.300Z,35,0.014467592351138592,100,3,3,0
2019-02-14T11:27:23.586Z,35,0.014467592351138592,100,3,3,0
2019-02-14T11:27:29.050Z,35,0.014467592351138592,100,3,3,0
2019-02-14T11:27:34.097Z,35,0.014467592351138592,100,3,3,0
2019-02-14T11:27:39.241Z,35,0.014467592351138592,100,3,3,0
2019-02-14T11:27:44.306Z,35,0.014467592351138592,100,3,3,0
2019-02-14T11:27:49.567Z,35,0.014467592351138592,100,3,3,0
2019-02-14T11:27:55.026Z,35,0.014467592351138592,100,3,3,0
2019-02-14T11:28:00.626Z,35,0.014467592351138592,100,3,3,0
2019-02-14T11:28:05.639Z,35,0.014467592351138592,100,3,3,0
2019-02-14T11:28:10.758Z,35,0.014467592351138592,100,3,3,0
2019-02-14T11:28:15.862Z,35,0.014467592351138592,100,3,3,0
2019-02-14T11:28:21.277Z,35,0.014467592351138592,100,3,3,0
2019-02-14T11:28:26.426Z,35,0.014467592351138592,100,3,3,0
2019-02-14T11:28:31.823Z,35,0.014467592351138592,100,3,3,0
2019-02-14T11:28:36.956Z,35,0.014467592351138592,100,3,3,0
2019-02-14T11:28:42.352Z,35,0.014467592351138592,100,3,3,0
2019-02-14T11:28:47.521Z,35,0.014467592351138592,100,3,3,0
2019-02-14T11:28:52.871Z,35,0.014467592351138592,100,3,3,0
2019-02-14T11:28:58.029Z,35,0.014467592351138592,100,3,3,0
2019-02-14T11:29:03.400Z,35,0.014467592351138592,100,3,3,0
2019-02-14T11:29:08.536Z,35,0.014467592351138592,100,3,3,0
2019-02-14T11:29:13.926Z,35,0.014467592351138592,100,3,3,0
2019-02-14T11:29:19.066Z,35,0.014467592351138592,100,3,3,0
2019-02-14T11:29:24.447Z,35,0.014467592351138592,100,3,3,0
2019-02-14T11:29:29.598Z,35,0.014467592351138592,100,3,3,0
2019-02-14T11:29:34.977Z,35,0.014467592351138592,100,3,3,0
2019-02-14T11:29:40.135Z,35,0.014467592351138592,100,3,3,0
2019-02-14T11:29:45.491Z,35,0.014467592351138592,100,3,3,0
2019-02-14T11:29:50.633Z,35,0.014467592351138592,100,3,3,0
2019-02-14T11:29:56.022Z,35,0.014467592351138592,100,3,3,0
2019-02-14T11:30:01.187Z,35,0.014467592351138592,100,3,3,0
2019-02-14T11:30:06.543Z,35,0.014467592351138592,100,3,3,0
2019-02-14T11:30:11.691Z,35,0.014467592351138592,100,3,3,0
2019-02-14T11:30:17.061Z,35,0.014467592351138592,100,3,3,0
2019-02-14T11:30:22.473Z,35,0.014467592351138592,100,3,3,0
2019-02-14T11:30:27.567Z,35,0.014467592351138592,100,3,3,0
2019-02-14T11:30:33.079Z,35,0.014467592351138592,100,3,3,0
2019-02-14T11:30:38.254Z,35,0.014467592351138592,100,3,3,0
2019-02-14T11:30:43.564Z,35,0.014467592351138592,100,3,3,0
2019-02-14T11:30:49.121Z,35,0.014467592351138592,100,3,3,0
2019-02-14T11:30:54.212Z,35,0.014467592351138592,100,3,3,0
2019-02-14T11:30:59.643Z,35,0.014467592351138592,100,3,3,0
2019-02-14T11:31:04.897Z,35,0.014467592351138592,100,3,3,0
2019-02-14T11:31:10.043Z,35,0.014467592351138592,100,3,3,0
2019-02-14T11:31:15.290Z,35,0.014467592351138592,100,3,3,0
2019-02-14T11:31:20.892Z,35,0.014467592351138592,100,3,3,0
2019-02-14T11:31:26.091Z,35,0.014467592351138592,100,3,3,0
2019-02-14T11:31:31.459Z,35,0.014467592351138592,100,3,3,0
2019-02-14T11:31:36.889Z,35,0.014467592351138592,100,3,3,0
2019-02-14T11:31:42.186Z,35,0.014467592351138592,100,3,3,0
2019-02-14T11:31:47.472Z,35,0.014467592351138592,100,3,3,0
2019-02-14T11:31:52.966Z,35,0.014467592351138592,100,3,3,0
2019-02-14T11:31:58.189Z,35,0.014467592351138592,100,3,3,0
2019-02-14T11:32:03.553Z,35,0.014467592351138592,100,3,3,0
2019-02-14T11:32:09.176Z,35,0.014467592351138592,100,3,3,0
2019-02-14T11:32:14.436Z,35,0.014467592351138592,100,3,3,0
2019-02-14T11:32:19.861Z,35,0.014467592351138592,100,3,3,0
2019-02-14T11:32:25.455Z,35,0.014467592351138592,100,3,3,0
2019-02-14T11:32:30.755Z,35,0.014467592351138592,100,3,3,0
2019-02-14T11:32:36.034Z,35,0.014467592351138592,100,3,3,0
2019-02-14T11:32:41.604Z,35,0.014467592351138592,100,3,3,0
2019-02-14T11:32:46.782Z,35,0.014467592351138592,100,3,3,0
2019-02-14T11:32:52.166Z,35,0.014467592351138592,100,3,3,0
2019-02-14T11:32:57.834Z,35,0.014467592351138592,100,3,3,0
2019-02-14T11:33:03.168Z,35,0.014467592351138592,100,3,3,0
2019-02-14T11:33:08.504Z,35,0.014467592351138592,100,3,3,0
2019-02-14T11:33:13.550Z,35,0.014467592351138592,100,3,3,0
2019-02-14T11:33:18.756Z,35,0.014467592351138592,100,3,3,0
2019-02-14T11:33:24.137Z,35,0.014467592351138592,100,3,3,0
2019-02-14T11:33:29.245Z,35,0.014467592351138592,100,3,3,0
2019-02-14T11:33:34.473Z,35,0.014467592351138592,100,3,3,0
2019-02-14T11:33:39.497Z,35,0.014467592351138592,100,3,3,0
2019-02-14T11:33:44.749Z,35,0.014467592351138592,100,3,3,0
2019-02-14T11:33:49.933Z,35,0.014467592351138592,100,3,3,0
2019-02-14T11:33:55.214Z,35,0.014467592351138592,100,3,3,0
2019-02-14T11:34:00.676Z,35,0.014467592351138592,100,3,3,0
2019-02-14T11:34:05.888Z,35,0.014467592351138592,100,3,3,0
2019-02-14T11:34:11.145Z,35,0.014467592351138592,100,3,3,0
2019-02-14T11:34:16.668Z,35,0.014467592351138592,100,3,3,0
2019-02-14T11:34:21.885Z,35,0.014467592351138592,100,3,3,0
2019-02-14T11:34:27.203Z,35,0.014467592351138592,100,3,3,0
2019-02-14T11:34:32.659Z,35,0.014467592351138592,100,3,3,0
2019-02-14T11:34:37.984Z,35,0.014467592351138592,100,3,3,0
2019-02-14T11:34:43.745Z,35,0.014467592351138592,100,3,3,0
2019-02-14T11:34:48.792Z,35,0.014467592351138592,100,3,3,0
2019-02-14T11:34:54.240Z,35,0.014467592351138592,100,3,3,0
2019-02-14T11:34:59.658Z,35,0.014467592351138592,100,3,3,0
2019-02-14T11:35:05.385Z,35,0.014467592351138592,100,3,3,0
2019-02-14T11:35:10.447Z,35,0.014467592351138592,100,3,3,0
2019-02-14T11:35:15.556Z,35,0.014467592351138592,100,3,3,0
2019-02-14T11:35:20.665Z,35,0.014467592351138592,100,3,3,0
2019-02-14T11:35:25.699Z,35,0.014467592351138592,100,3,3,0
2019-02-14T11:35:30.788Z,35,0.014467592351138592,100,3,3,0
2019-02-14T11:35:35.838Z,35,0.014467592351138592,100,3,3,0
2019-02-14T11:35:40.933Z,35,0.014467592351138592,100,3,3,0
2019-02-14T11:35:46.027Z,35,0.014467592351138592,100,3,3,0
2019-02-14T11:35:51.061Z,35,0.014467592351138592,100,3,3,0
2019-02-14T11:35:56.143Z,35,0.014467592351138592,100,3,3,0
2019-02-14T11:36:01.231Z,35,0.014467592351138592,100,3,3,0
2019-02-14T11:36:06.616Z,35,0.014467592351138592,100,3,3,0
2019-02-14T11:36:12.049Z,35,0.014467592351138592,100,3,3,0
2019-02-14T11:36:17.152Z,35,0.014467592351138592,100,3,3,0
2019-02-14T11:36:22.237Z,35,0.014467592351138592,100,3,3,0
2019-02-14T11:36:27.458Z,35,0.014467592351138592,100,3,3,0
2019-02-14T11:36:32.598Z,35,0.014467592351138592,100,3,3,0
2019-02-14T11:36:37.691Z,35,0.014467592351138592,100,3,3,0
2019-02-14T11:36:42.839Z,35,0.014467592351138592,100,3,3,0
2019-02-14T11:36:47.902Z,35,0.014467592351138592,100,3,3,0
2019-02-14T11:36:53.087Z,35,0.014467592351138592,100,3,3,0
2019-02-14T11:36:58.229Z,35,0.014467592351138592,100,3,3,0
2019-02-14T11:37:03.434Z,35,0.014467592351138592,100,3,3,0
2019-02-14T11:37:08.520Z,35,0.014467592351138592,100,3,3,0
2019-02-14T11:37:13.659Z,35,0.014467592351138592,100,3,3,0
2019-02-14T11:37:18.780Z,35,0.014467592351138592,100,3,3,0
2019-02-14T11:37:23.942Z,35,0.014467592351138592,100,3,3,0
2019-02-14T11:37:29.209Z,35,0.014467592351138592,100,3,3,0
2019-02-14T11:37:34.395Z,35,0.014467592351138592,100,3,3,0
2019-02-14T11:37:39.595Z,35,0.014467592351138592,100,3,3,0
2019-02-14T11:37:44.688Z,35,0.014467592351138592,100,3,3,0
2019-02-14T11:37:49.925Z,35,0.014467592351138592,100,3,3,0
2019-02-14T11:37:55.187Z,35,0.014467592351138592,100,3,3,0
2019-02-14T11:38:00.418Z,35,0.014467592351138592,100,3,3,0
2019-02-14T11:38:05.688Z,35,0.014467592351138592,100,3,3,0
2019-02-14T11:38:10.694Z,35,0.014467592351138592,100,3,3,0
2019-02-14T11:38:15.704Z,35,0.014467592351138592,100,3,3,0
2019-02-14T11:38:20.711Z,35,0.014467592351138592,100,3,3,0
2019-02-14T11:38:25.715Z,35,0.014467592351138592,100,3,3,0
2019-02-14T11:38:30.729Z,35,0.014467592351138592,100,3,3,0
2019-02-14T11:38:35.732Z,35,0.014467592351138592,100,3,3,0
2019-02-14T11:38:40.739Z,35,0.014467592351138592,100,3,3,0
2019-02-14T11:38:45.748Z,35,0.014467592351138592,100,3,3,0
2019-02-14T11:38:50.754Z,35,0.014467592351138592,100,3,3,0
2019-02-14T11:38:55.763Z,35,0.014467592351138592,100,3,3,0
2019-02-14T11:39:00.775Z,35,0.014467592351138592,100,3,3,0
2019-02-14T11:39:05.776Z,35,0.014467592351138592,100,3,3,0
2019-02-14T11:39:10.785Z,35,0.014467592351138592,100,3,3,0
2019-02-14T11:39:15.796Z,35,0.014467592351138592,100,3,3,0
2019-02-14T11:39:20.799Z,35,0.014467592351138592,100,3,3,0
2019-02-14T11:39:25.803Z,35,0.014467592351138592,100,3,3,0
2019-02-14T11:39:30.816Z,35,0.014467592351138592,100,3,3,0
2019-02-14T11:39:35.820Z,35,0.014467592351138592,100,3,3,0
2019-02-14T11:39:40.826Z,35,0.014467592351138592,100,3,3,0
2019-02-14T11:39:45.836Z,35,0.014467592351138592,100,3,3,0
2019-02-14T11:39:50.837Z,35,0.014467592351138592,100,3,3,0
2019-02-14T11:39:55.841Z,35,0.014467592351138592,100,3,3,0
2019-02-14T11:40:00.851Z,35,0.014467592351138592,100,3,3,0
2019-02-14T11:40:05.861Z,35,0.014467592351138592,100,3,3,0
2019-02-14T11:40:10.864Z,35,0.014467592351138592,100,3,3,0
2019-02-14T11:40:15.869Z,35,0.014467592351138592,100,3,3,0
2019-02-14T11:40:20.879Z,35,0.014467592351138592,100,3,3,0
2019-02-14T11:40:25.881Z,35,0.014467592351138592,100,3,3,0
2019-02-14T11:40:30.886Z,35,0.014467592351138592,100,3,3,0
2019-02-14T11:40:35.895Z,35,0.014467592351138592,100,3,3,0
2019-02-14T11:40:40.901Z,35,0.014467592351138592,100,3,3,0
2019-02-14T11:40:45.905Z,35,0.014467592351138592,100,3,3,0
2019-02-14T11:40:50.914Z,35,0.014467592351138592,100,3,3,0
2019-02-14T11:40:55.920Z,35,0.014467592351138592,100,3,3,0
2019-02-14T11:41:00.921Z,35,0.014467592351138592,100,3,3,0
2019-02-14T11:41:05.930Z,35,0.014467592351138592,100,3,3,0
2019-02-14T11:41:10.936Z,35,0.014467592351138592,100,3,3,0
2019-02-14T11:41:15.946Z,35,0.014467592351138592,100,3,3,0
2019-02-14T11:41:20.948Z,35,0.014467592351138592,100,3,3,0
2019-02-14T11:41:25.953Z,35,0.014467592351138592,100,3,3,0
2019-02-14T11:41:30.956Z,35,0.014467592351138592,100,3,3,0
2019-02-14T11:41:35.965Z,35,0.014467592351138592,100,3,3,0
2019-02-14T11:41:40.970Z,35,0.014467592351138592,100,3,3,0
2019-02-14T11:41:45.974Z,35,0.014467592351138592,100,3,3,0
2019-02-14T11:41:50.983Z,35,0.014467592351138592,100,3,3,0
2019-02-14T11:41:55.990Z,35,0.014467592351138592,100,3,3,0
2019-02-14T11:42:00.999Z,35,0.014467592351138592,100,3,3,0
2019-02-14T11:42:06.003Z,35,0.014467592351138592,100,3,3,0
2019-02-14T11:42:11.017Z,35,0.014467592351138592,100,3,3,0
2019-02-14T11:42:16.017Z,35,0.014467592351138592,100,3,3,0
2019-02-14T11:42:21.024Z,35,0.014467592351138592,100,3,3,0
2019-02-14T11:42:26.029Z,35,0.014467592351138592,100,3,3,0
2019-02-14T11:42:31.035Z,35,0.014467592351138592,100,3,3,0
2019-02-14T11:42:36.041Z,35,0.014467592351138592,100,3,3,0
2019-02-14T11:42:41.050Z,35,0.014467592351138592,100,3,3,0
2019-02-14T11:42:46.059Z,35,0.014467592351138592,100,3,3,0
2019-02-14T11:42:51.065Z,35,0.014467592351138592,100,3,3,0
2019-02-14T11:42:56.071Z,35,0.014467592351138592,100,3,3,0
2019-02-14T11:43:01.085Z,35,0.014467592351138592,100,3,3,0
2019-02-14T11:43:06.591Z,35,0.014467592351138592,100,3,3,0
2019-02-14T11:43:12.100Z,35,0.014467592351138592,100,3,3,0
2019-02-14T11:43:17.600Z,35,0.014467592351138592,100,3,3,0
2019-02-14T11:43:22.605Z,35,0.014467592351138592,100,3,3,0
2019-02-14T11:43:27.615Z,35,0.014467592351138592,100,3,3,0
2019-02-14T11:43:32.620Z,35,0.014467592351138592,100,3,3,0
2019-02-14T11:43:37.626Z,35,0.014467592351138592,100,3,3,0
2019-02-14T11:43:42.634Z,35,0.014467592351138592,100,3,3,0
2019-02-14T11:43:47.649Z,35,0.014467592351138592,100,3,3,0
2019-02-14T11:43:53.154Z,35,0.014467592351138592,100,3,3,0
2019-02-14T11:43:58.155Z,35,0.014467592351138592,100,3,3,0
2019-02-14T11:44:03.167Z,35,0.014467592351138592,100,3,3,0
2019-02-14T11:44:08.174Z,35,0.014467592351138592,100,3,3,0
2019-02-14T11:44:13.174Z,35,0.014467592351138592,100,3,3,0
2019-02-14T11:44:18.180Z,35,0.014467592351138592,100,3,3,0
2019-02-14T11:44:23.187Z,35,0.014467592351138592,100,3,3,0
2019-02-14T11:44:28.204Z,35,0.014467592351138592,100,3,3,0
2019-02-14T11:44:33.710Z,35,0.014467592351138592,100,3,3,0
2019-02-14T11:44:39.216Z,35,0.014467592351138592,100,3,3,0
2019-02-14T11:44:44.711Z,35,0.014467592351138592,100,3,3,0
2019-02-14T11:44:49.729Z,35,0,100,3,3,0
2019-02-14T11:44:55.224Z,35,0.014467592351138592,100,3,3,0
2019-02-14T11:45:00.235Z,35,0.014467592351138592,100,3,3,0
2019-02-14T11:45:05.246Z,35,0.014467592351138592,100,3,3,0
2019-02-14T11:45:10.252Z,35,0.014467592351138592,100,3,3,0
2019-02-14T11:45:15.252Z,35,0.014467592351138592,100,3,3,0
2019-02-14T11:45:20.265Z,35,0.014467592351138592,100,3,3,0
2019-02-14T11:45:25.760Z,35,0.014467592351138592,100,3,3,0
2019-02-14T11:45:30.776Z,35,0.014467592351138592,100,3,3,0
2019-02-14T11:45:36.271Z,35,0.014467592351138592,100,3,3,0
2019-02-14T11:45:41.282Z,35,0.014467592351138592,100,3,3,0
2019-02-14T11:45:46.295Z,35,0.014467592351138592,100,3,3,0
2019-02-14T11:45:51.299Z,35,0.014467592351138592,100,3,3,0
2019-02-14T11:45:56.309Z,35,0.014467592351138592,100,3,3,0
2019-02-14T11:46:01.816Z,35,0.014467592351138592,100,3,3,0
2019-02-14T11:46:07.318Z,35,0.014467592351138592,100,3,3,0
2019-02-14T11:46:12.329Z,35,0.014467592351138592,100,3,3,0
2019-02-14T11:46:17.828Z,35,0.014467592351138592,100,3,3,0
2019-02-14T11:46:22.833Z,35,0.014467592351138592,100,3,3,0
2019-02-14T11:46:27.836Z,35,0.014467592351138592,100,3,3,0
2019-02-14T11:46:32.845Z,35,0.014467592351138592,100,3,3,0
2019-02-14T11:46:37.853Z,35,0.014467592351138592,100,3,3,0
2019-02-14T11:46:42.856Z,35,0.014467592351138592,100,3,3,0
2019-02-14T11:46:47.867Z,35,0.014467592351138592,100,3,3,0
2019-02-14T11:46:52.871Z,35,0.014467592351138592,100,3,3,0
2019-02-14T11:46:57.876Z,35,0,100,3,3,0
2019-02-14T11:47:02.881Z,35,0.014467592351138592,100,3,3,0
2019-02-14T11:47:07.882Z,35,0.014467592351138592,100,3,3,0
2019-02-14T11:47:12.901Z,35,0.014467592351138592,100,3,3,0
2019-02-14T11:47:17.902Z,35,0.014467592351138592,100,3,3,0
2019-02-14T11:47:22.965Z,35,0.014467592351138592,100,3,3,0
2019-02-14T11:47:28.414Z,35,0.014467592351138592,100,3,3,0
2019-02-14T11:47:33.422Z,35,0.014467592351138592,100,3,3,0
2019-02-14T11:47:38.427Z,35,0,100,3,3,0
2019-02-14T11:47:43.435Z,35,0.014467592351138592,100,3,3,0
2019-02-14T11:47:48.439Z,35,0.014467592351138592,100,3,3,0
2019-02-14T11:47:53.951Z,35,0.014467592351138592,100,3,3,0
2019-02-14T11:47:58.955Z,35,0.014467592351138592,100,3,3,0
2019-02-14T11:48:03.965Z,35,0.014467592351138592,100,3,3,0
2019-02-14T11:48:09.467Z,35,0.014467592351138592,100,3,3,0
2019-02-14T11:48:14.972Z,35,0.014467592351138592,100,3,3,0
2019-02-14T11:48:19.978Z,35,0.014467592351138592,100,3,3,0
2019-02-14T11:48:24.983Z,35,0.014467592351138592,100,3,3,0
2019-02-14T11:48:29.988Z,35,0.014467592351138592,100,3,3,0
2019-02-14T11:48:34.997Z,35,0.014467592351138592,100,3,3,0
2019-02-14T11:48:40.004Z,35,0.014467592351138592,100,3,3,0
2019-02-14T11:48:45.013Z,35,0.014467592351138592,100,3,3,0
2019-02-14T11:48:50.511Z,35,0.014467592351138592,100,3,3,0
2019-02-14T11:48:55.530Z,35,0.014467592351138592,100,3,3,0
2019-02-14T11:49:01.035Z,35,0.014467592351138592,100,3,3,0
2019-02-14T11:49:06.037Z,35,0.014467592351138592,100,3,3,0
2019-02-14T11:49:11.645Z,35,0.014467592351138592,100,3,3,0
2019-02-14T11:49:17.050Z,35,0,100,3,3,0
2019-02-14T11:49:22.055Z,35,0.014467592351138592,100,3,3,0
2019-02-14T11:49:27.577Z,35,0,100,3,3,0
2019-02-14T11:49:33.079Z,35,0.014467592351138592,100,3,3,0
2019-02-14T11:49:38.572Z,35,0.014467592351138592,100,3,3,0
2019-02-14T11:49:43.577Z,35,0.014467592351138592,100,3,3,0
2019-02-14T11:49:48.587Z,35,0.014467592351138592,100,3,3,0
2019-02-14T11:49:54.099Z,35,0.014467592351138592,100,3,3,0
2019-02-14T11:49:59.204Z,35,0.014467592351138592,100,3,3,0
2019-02-14T11:50:04.601Z,35,0,100,3,3,0
2019-02-14T11:50:09.608Z,35,0.014467592351138592,100,3,3,0
2019-02-14T11:50:15.113Z,35,0.014467592351138592,100,3,3,0
2019-02-14T11:50:20.620Z,35,0.014467592351138592,100,3,3,0
2019-02-14T11:50:26.122Z,35,0.014467592351138592,100,3,3,0
2019-02-14T11:50:31.128Z,35,0.014467592351138592,100,3,3,0
2019-02-14T11:50:36.134Z,35,0.014467592351138592,100,3,3,0
2019-02-14T11:50:41.138Z,35,0.014467592351138592,100,3,3,0
2019-02-14T11:50:46.141Z,35,0.014467592351138592,100,3,3,0
2019-02-14T11:50:51.146Z,35,0.014467592351138592,100,3,3,0
2019-02-14T11:50:56.157Z,35,0.014467592351138592,100,3,3,0
2019-02-14T11:51:01.181Z,35,0.014467592351138592,100,3,3,0
2019-02-14T11:51:06.669Z,35,0.014467592351138592,100,3,3,0
2019-02-14T11:51:11.687Z,35,0.014467592351138592,100,3,3,0
2019-02-14T11:51:17.177Z,35,0.014467592351138592,100,3,3,0
2019-02-14T11:51:22.181Z,35,0.014467592351138592,100,3,3,0
2019-02-14T11:51:27.184Z,35,0.014467592351138592,100,3,3,0
2019-02-14T11:51:32.192Z,35,0.014467592351138592,100,3,3,0
2019-02-14T11:51:37.714Z,35,0.014467592351138592,100,3,3,0
2019-02-14T11:51:43.204Z,35,0.014467592351138592,100,3,3,0
2019-02-14T11:51:48.696Z,35,0.014467592351138592,100,3,3,0
2019-02-14T11:51:53.727Z,35,0.014467592351138592,100,3,3,0
2019-02-14T11:51:59.224Z,35,0.014467592351138592,100,3,3,0
2019-02-14T11:52:04.238Z,35,0.014467592351138592,100,3,3,0
2019-02-14T11:52:09.776Z,35,0.014467592351138592,100,3,3,0
2019-02-14T11:52:15.240Z,35,0.014467592351138592,100,3,3,0
2019-02-14T11:52:20.752Z,35,0.014467592351138592,100,3,3,0
2019-02-14T11:52:25.758Z,35,0.014467592351138592,100,3,3,0
2019-02-14T11:52:31.262Z,35,0.014467592351138592,100,3,3,0
2019-02-14T11:52:36.271Z,35,0.014467592351138592,100,3,3,0
2019-02-14T11:52:41.776Z,35,0.014467592351138592,100,3,3,0
2019-02-14T11:52:46.783Z,35,0.014467592351138592,100,3,3,0
2019-02-14T11:52:51.783Z,35,0.014467592351138592,100,3,3,0
2019-02-14T11:52:56.790Z,35,0.014467592351138592,100,3,3,0
2019-02-14T11:53:01.797Z,35,0.014467592351138592,100,3,3,0
2019-02-14T11:53:06.819Z,35,0.014467592351138592,100,3,3,0
2019-02-14T11:53:12.308Z,35,0.014467592351138592,100,3,3,0
2019-02-14T11:53:17.350Z,35,0.014467592351138592,100,3,3,0
2019-02-14T11:53:22.842Z,35,0.014467592351138592,100,3,3,0
2019-02-14T11:53:27.961Z,35,0.014467592351138592,100,3,3,0
2019-02-14T11:53:33.329Z,35,0.014467592351138592,100,3,3,0
2019-02-14T11:53:38.339Z,35,0.014467592351138592,100,3,3,0
2019-02-14T11:53:43.341Z,35,0,100,3,3,0
2019-02-14T11:53:48.352Z,35,0.014467592351138592,100,3,3,0
2019-02-14T11:53:53.374Z,35,0.014467592351138592,100,3,3,0
2019-02-14T11:53:58.857Z,35,0.014467592351138592,100,3,3,0
2019-02-14T11:54:03.868Z,35,0.014467592351138592,100,3,3,0
2019-02-14T11:54:08.880Z,35,0.014467592351138592,100,3,3,0
2019-02-14T11:54:14.398Z,35,0.014467592351138592,100,3,3,0
2019-02-14T11:54:19.404Z,35,0.014467592351138592,100,3,3,0
2019-02-14T11:54:24.891Z,35,0.014467592351138592,100,3,3,0
2019-02-14T11:54:29.894Z,35,0.014467592351138592,100,3,3,0
2019-02-14T11:54:34.895Z,35,0,100,3,3,0
2019-02-14T11:54:39.901Z,35,0,100,3,3,0
2019-02-14T11:54:44.905Z,35,0.014467592351138592,100,3,3,0
2019-02-14T11:54:49.908Z,35,0,100,3,3,0
2019-02-14T11:54:54.912Z,35,0.014467592351138592,100,3,3,0
2019-02-14T11:54:59.917Z,35,0.014467592351138592,100,3,3,0
2019-02-14T11:55:04.922Z,35,0.014467592351138592,100,3,3,0
2019-02-14T11:55:09.925Z,35,0,100,3,3,0
2019-02-14T11:55:14.931Z,35,0.014467592351138592,100,3,3,0
2019-02-14T11:55:19.938Z,35,0.014467592351138592,100,3,3,0
2019-02-14T11:55:24.942Z,35,0,100,3,3,0
2019-02-14T11:55:29.948Z,35,0.014467592351138592,100,3,3,0
2019-02-14T11:55:34.951Z,35,0.014467592351138592,100,3,3,0
2019-02-14T11:55:39.955Z,35,0.014467592351138592,100,3,3,0
2019-02-14T11:55:44.962Z,35,0.014467592351138592,100,3,3,0
2019-02-14T11:55:49.967Z,35,0.014467592351138592,100,3,3,0
2019-02-14T11:55:54.989Z,35,0.014467592351138592,100,3,3,0
2019-02-14T11:56:00.108Z,35,0,100,3,3,0
2019-02-14T11:56:05.498Z,35,0.014467592351138592,100,3,3,0
2019-02-14T11:56:10.515Z,35,0.014467592351138592,100,3,3,0
2019-02-14T11:56:15.521Z,35,0.014467592351138592,100,3,3,0
2019-02-14T11:56:20.527Z,35,0.014467592351138592,100,3,3,0
2019-02-14T11:56:25.536Z,35,0.014467592351138592,100,3,3,0
2019-02-14T11:56:30.539Z,35,0.014467592351138592,100,3,3,0
2019-02-14T11:56:35.542Z,35,0.014467592351138592,100,3,3,0
2019-02-14T11:56:40.549Z,35,0.014467592351138592,100,3,3,0
2019-02-14T11:56:46.196Z,35,0.014467592351138592,100,3,3,0
2019-02-14T11:56:51.561Z,35,0.014467592351138592,100,3,3,0
2019-02-14T11:56:57.065Z,35,0.014467592351138592,100,3,3,0
2019-02-14T11:57:02.203Z,35,0.014467592351138592,100,3,3,0
2019-02-14T11:57:07.574Z,35,0.014467592351138592,100,3,3,0
2019-02-14T11:57:13.077Z,35,0.014467592351138592,100,3,3,0
2019-02-14T11:57:18.131Z,35,0,100,3,3,0
2019-02-14T11:57:23.578Z,35,0.014467592351138592,100,3,3,0
2019-02-14T11:57:28.588Z,35,0.014467592351138592,100,3,3,0
2019-02-14T11:57:33.593Z,35,0,100,3,3,0
2019-02-14T11:57:38.603Z,35,0.014467592351138592,100,3,3,0
2019-02-14T11:57:44.211Z,35,0.014467592351138592,100,3,3,0
2019-02-14T11:57:49.603Z,35,0.014467592351138592,100,3,3,0
2019-02-14T11:57:54.612Z,35,0.014467592351138592,100,3,3,0
2019-02-14T11:58:00.125Z,35,0.014467592351138592,100,3,3,0
2019-02-14T11:58:05.274Z,35,0.014467592351138592,100,3,3,0
2019-02-14T11:58:10.783Z,35,0.014467592351138592,100,3,3,0
2019-02-14T11:58:16.301Z,35,0.014467592351138592,100,3,3,0
2019-02-14T11:58:21.644Z,35,0.014467592351138592,100,3,3,0
2019-02-14T11:58:26.745Z,35,0,100,3,3,0
2019-02-14T11:58:32.151Z,35,0,100,3,3,0
2019-02-14T11:58:37.152Z,35,0.014467592351138592,100,3,3,0
2019-02-14T11:58:42.156Z,35,0.014467592351138592,100,3,3,0
2019-02-14T11:58:47.161Z,35,0.014467592351138592,100,3,3,0
2019-02-14T11:58:52.674Z,35,0,100,3,3,0
2019-02-14T11:58:58.159Z,35,0.014467592351138592,100,3,3,0
2019-02-14T11:59:03.186Z,35,0.014467592351138592,100,3,3,0
2019-02-14T11:59:08.668Z,35,0.014467592351138592,100,3,3,0
2019-02-14T11:59:13.695Z,35,0.014467592351138592,100,3,3,0
2019-02-14T11:59:19.180Z,35,0.014467592351138592,100,3,3,0
2019-02-14T11:59:24.205Z,35,0.014467592351138592,100,3,3,0
2019-02-14T11:59:29.686Z,35,0.014467592351138592,100,3,3,0
2019-02-14T11:59:34.713Z,35,0.014467592351138592,100,3,3,0
2019-02-14T11:59:40.194Z,35,0.014467592351138592,100,3,3,0
2019-02-14T11:59:45.373Z,35,0.014467592351138592,100,3,3,0
2019-02-14T11:59:50.708Z,35,0.014467592351138592,100,3,3,0
2019-02-14T11:59:55.712Z,35,0.014467592351138592,100,3,3,0
2019-02-14T12:00:01.365Z,35,0.014467592351138592,100,3,3,0
2019-02-14T12:00:06.374Z,35,0.014467592351138592,100,3,3,0
2019-02-14T12:00:11.399Z,35,0.014467592351138592,100,3,3,0
2019-02-14T12:00:16.728Z,35,0.014467592351138592,100,3,3,0
2019-02-14T12:00:21.731Z,35,0.014467592351138592,100,3,3,0
2019-02-14T12:00:26.845Z,35,0.014467592351138592,100,3,3,0
2019-02-14T12:00:32.335Z,35,0.014467592351138592,100,3,3,0
2019-02-14T12:00:37.736Z,35,0.014467592351138592,100,3,3,0
2019-02-14T12:00:42.766Z,35,0.014467592351138592,100,3,3,0
2019-02-14T12:00:47.932Z,35,0.014467592351138592,100,3,3,0
2019-02-14T12:00:53.248Z,35,0.014467592351138592,100,3,3,0
2019-02-14T12:00:58.259Z,35,0.014467592351138592,100,3,3,0
2019-02-14T12:01:03.451Z,35,0.014467592351138592,100,3,3,0
2019-02-14T12:01:08.757Z,35,0,100,3,3,0
2019-02-14T12:01:13.765Z,35,0.014467592351138592,100,3,3,0
2019-02-14T12:01:18.926Z,35,0,100,3,3,0
2019-02-14T12:01:24.267Z,35,0.014467592351138592,100,3,3,0
2019-02-14T12:01:29.282Z,35,0.014467592351138592,100,3,3,0
2019-02-14T12:01:34.285Z,35,0.014467592351138592,100,3,3,0
2019-02-14T12:01:39.808Z,35,0.014467592351138592,100,3,3,0
2019-02-14T12:01:45.306Z,35,0.014467592351138592,100,3,3,0
2019-02-14T12:01:50.309Z,35,0.014467592351138592,100,3,3,0
2019-02-14T12:01:55.814Z,35,0.014467592351138592,100,3,3,0
2019-02-14T12:02:01.317Z,35,0.014467592351138592,100,3,3,0
2019-02-14T12:02:06.495Z,35,0.014467592351138592,100,3,3,0
2019-02-14T12:02:11.825Z,35,0.014467592351138592,100,3,3,0
2019-02-14T12:02:17.311Z,35,0.014467592351138592,100,3,3,0
2019-02-14T12:02:22.327Z,35,0.014467592351138592,100,3,3,0
2019-02-14T12:02:27.353Z,35,0.014467592351138592,100,3,3,0
2019-02-14T12:02:32.823Z,35,0.014467592351138592,100,3,3,0
2019-02-14T12:02:37.826Z,35,0.014467592351138592,100,3,3,0
2019-02-14T12:02:42.849Z,35,0.014467592351138592,100,3,3,0
2019-02-14T12:02:48.337Z,35,0.014467592351138592,100,3,3,0
2019-02-14T12:02:53.346Z,35,0.014467592351138592,100,3,3,0
2019-02-14T12:02:58.353Z,35,0.014467592351138592,100,3,3,0
2019-02-14T12:03:03.354Z,35,0.014467592351138592,100,3,3,0
2019-02-14T12:03:08.366Z,35,0.014467592351138592,100,3,3,0
2019-02-14T12:03:13.367Z,35,0.014467592351138592,100,3,3,0
2019-02-14T12:03:18.864Z,35,0.014467592351138592,100,3,3,0
2019-02-14T12:03:24.038Z,35,0.014467592351138592,100,3,3,0
2019-02-14T12:03:29.371Z,35,0.014467592351138592,100,3,3,0
2019-02-14T12:03:34.501Z,35,0.014467592351138592,100,3,3,0
2019-02-14T12:03:39.882Z,35,0.014467592351138592,100,3,3,0
2019-02-14T12:03:45.049Z,35,0,100,3,3,0
2019-02-14T12:03:50.387Z,35,0.014467592351138592,100,3,3,0
2019-02-14T12:03:55.499Z,35,0.014467592351138592,100,3,3,0
2019-02-14T12:04:00.890Z,35,0.014467592351138592,100,3,3,0
2019-02-14T12:04:06.048Z,35,0.014467592351138592,100,3,3,0
2019-02-14T12:04:11.403Z,35,0.014467592351138592,100,3,3,0
2019-02-14T12:04:16.576Z,35,0.014467592351138592,100,3,3,0
2019-02-14T12:04:21.911Z,35,0.014467592351138592,100,3,3,0
2019-02-14T12:04:27.111Z,35,0.014467592351138592,100,3,3,0
2019-02-14T12:04:32.409Z,35,0.014467592351138592,100,3,3,0
2019-02-14T12:04:37.615Z,35,0,100,3,3,0
2019-02-14T12:04:42.933Z,35,0.014467592351138592,100,3,3,0
2019-02-14T12:04:48.431Z,35,0.014467592351138592,100,3,3,0
2019-02-14T12:04:54.090Z,35,0,100,3,3,0
2019-02-14T12:04:59.435Z,35,0.014467592351138592,100,3,3,0
2019-02-14T12:05:04.615Z,35,0.014467592351138592,100,3,3,0
2019-02-14T12:05:09.957Z,35,0.014467592351138592,100,3,3,0
2019-02-14T12:05:15.151Z,35,0.014467592351138592,100,3,3,0
2019-02-14T12:05:20.453Z,35,0.014467592351138592,100,3,3,0
2019-02-14T12:05:25.635Z,35,0.014467592351138592,100,3,3,0
2019-02-14T12:05:30.966Z,35,0,100,3,3,0
2019-02-14T12:05:35.981Z,35,0.014467592351138592,100,3,3,0
2019-02-14T12:05:40.988Z,35,0.014467592351138592,100,3,3,0
2019-02-14T12:05:46.004Z,35,0,100,3,3,0
2019-02-14T12:05:51.012Z,35,0.014467592351138592,100,3,3,0
2019-02-14T12:05:56.071Z,35,0.014467592351138592,100,3,3,0
2019-02-14T12:06:01.083Z,35,0.014467592351138592,100,3,3,0
2019-02-14T12:06:06.255Z,35,0.014467592351138592,100,3,3,0
2019-02-14T12:06:11.625Z,35,0.014467592351138592,100,3,3,0
2019-02-14T12:06:17.140Z,35,0.014467592351138592,100,3,3,0
2019-02-14T12:06:22.157Z,35,0.014467592351138592,100,3,3,0
2019-02-14T12:06:27.163Z,35,0.014467592351138592,100,3,3,0
2019-02-14T12:06:32.214Z,35,0.014467592351138592,100,3,3,0
2019-02-14T12:06:37.232Z,35,0,100,3,3,0
2019-02-14T12:06:42.272Z,35,0,100,3,3,0
2019-02-14T12:06:47.355Z,35,0.014467592351138592,100,3,3,0
2019-02-14T12:06:52.416Z,35,0.014467592351138592,100,3,3,0
2019-02-14T12:06:57.452Z,35,0.014467592351138592,100,3,3,0
2019-02-14T12:07:02.962Z,35,0.014467592351138592,100,3,3,0
2019-02-14T12:07:08.052Z,35,0.014467592351138592,100,3,3,0
2019-02-14T12:07:13.487Z,35,0,100,3,3,0
2019-02-14T12:07:18.566Z,35,0.014467592351138592,100,3,3,0
2019-02-14T12:07:23.582Z,35,0.014467592351138592,100,3,3,0
2019-02-14T12:07:28.599Z,35,0,100,3,3,0
2019-02-14T12:07:34.051Z,35,0.014467592351138592,100,3,3,0
2019-02-14T12:07:39.126Z,35,0.014467592351138592,100,3,3,0
2019-02-14T12:07:44.579Z,35,0.014467592351138592,100,3,3,0
2019-02-14T12:07:49.656Z,35,0.014467592351138592,100,3,3,0
2019-02-14T12:07:55.110Z,35,0.014467592351138592,100,3,3,0
2019-02-14T12:08:00.183Z,35,0.014467592351138592,100,3,3,0
2019-02-14T12:08:05.634Z,35,0.014467592351138592,100,3,3,0
2019-02-14T12:08:10.735Z,35,0,100,3,3,0
2019-02-14T12:08:16.174Z,35,0.014467592351138592,100,3,3,0
2019-02-14T12:08:21.231Z,35,0.014467592351138592,100,3,3,0
2019-02-14T12:08:26.294Z,35,0,100,3,3,0
2019-02-14T12:08:31.527Z,35,0,100,3,3,0
2019-02-14T12:08:36.907Z,35,0.014467592351138592,100,3,3,0
2019-02-14T12:08:42.199Z,35,0,100,3,3,0
2019-02-14T12:08:47.601Z,35,0.014467592351138592,100,3,3,0
2019-02-14T12:08:52.886Z,35,0,100,3,3,0
2019-02-14T12:08:58.326Z,35,0.014467592351138592,100,3,3,0
2019-02-14T12:09:03.572Z,35,0.014467592351138592,100,3,3,0
2019-02-14T12:09:08.955Z,35,0,100,3,3,0
2019-02-14T12:09:14.218Z,35,0.014467592351138592,100,3,3,0
2019-02-14T12:09:19.657Z,35,0,100,3,3,0
2019-02-14T12:09:24.945Z,35,0.014467592351138592,100,3,3,0
2019-02-14T12:09:30.339Z,35,0,100,3,3,0
2019-02-14T12:09:35.625Z,35,0.014467592351138592,100,3,3,0
2019-02-14T12:09:41.052Z,35,0.014467592351138592,100,3,3,0
2019-02-14T12:09:46.270Z,35,0.014467592351138592,100,3,3,0
2019-02-14T12:09:51.274Z,35,0,100,3,3,0
2019-02-14T12:09:56.387Z,35,0.014467592351138592,100,3,3,0
2019-02-14T12:10:01.482Z,35,0,100,3,3,0
2019-02-14T12:10:06.614Z,35,0,100,3,3,0
2019-02-14T12:10:12.000Z,35,0.014467592351138592,100,3,3,0
2019-02-14T12:10:17.137Z,35,0.014467592351138592,100,3,3,0
2019-02-14T12:10:22.532Z,35,0.014467592351138592,100,3,3,0
2019-02-14T12:10:27.688Z,35,0.014467592351138592,100,3,3,0
2019-02-14T12:10:33.071Z,35,0.014467592351138592,100,3,3,0
2019-02-14T12:10:38.195Z,35,0,100,3,3,0
2019-02-14T12:10:43.595Z,35,0.014467592351138592,100,3,3,0
2019-02-14T12:10:48.733Z,35,0.014467592351138592,100,3,3,0
2019-02-14T12:10:54.127Z,35,114.67013549804688,0,3,3,0
2019-02-14T12:10:59.256Z,35,101.99652862548828,0,3,3,0
2019-02-14T12:11:04.658Z,35,25.21701431274414,100,3,3,0
2019-02-14T12:11:09.788Z,35,24.927661895751953,100,3,3,0
2019-02-14T12:11:15.179Z,35,25.17361068725586,100,3,3,0
2019-02-14T12:11:20.322Z,35,24.985532760620117,100,3,3,0
2019-02-14T12:11:25.712Z,35,24.754051208496094,100,3,3,0
2019-02-14T12:11:30.850Z,35,25.549768447875977,100,3,3,0
2019-02-14T12:11:36.240Z,35,27.459489822387695,100,3,3,0
2019-02-14T12:11:41.411Z,35,30.410879135131836,99.30349731445312,3,3,0
2019-02-14T12:11:46.778Z,35,30.859375,98.77146911621094,3,3,0
2019-02-14T12:11:51.943Z,35,35.19965362548828,98.22476959228516,3,3,0
2019-02-14T12:11:57.302Z,35,34.08564758300781,96.27410125732422,3,3,0
2019-02-14T12:12:02.504Z,35,36.21238327026367,96.16931915283203,3,3,0
2019-02-14T12:12:07.889Z,35,33.82522964477539,97.71945190429688,3,3,0
2019-02-14T12:12:13.086Z,35,34.534141540527344,99.07736206054688,3,3,0
2019-02-14T12:12:18.468Z,35,33.10185241699219,99.33383178710938,3,3,0
2019-02-14T12:12:23.642Z,35,31.640625,100,3,3,0
2019-02-14T12:12:29.024Z,35,29.152198791503906,100,3,3,0
2019-02-14T12:12:34.209Z,35,27.531827926635742,100,3,3,0
2019-02-14T12:12:39.597Z,35,28.356481552124023,100,3,3,0
2019-02-14T12:12:44.797Z,35,27.82118034362793,100,3,3,0
2019-02-14T12:12:49.802Z,35,28.023725509643555,100,3,3,0
2019-02-14T12:12:55.350Z,35,27.879051208496094,100,3,3,0
2019-02-14T12:13:00.594Z,35,28.47222137451172,100,3,3,0
2019-02-14T12:13:05.954Z,35,28.60243034362793,100,3,3,0
2019-02-14T12:13:11.605Z,35,29.38368034362793,100,3,3,0
2019-02-14T12:13:16.840Z,35,30.25173568725586,100,3,3,0
2019-02-14T12:13:22.084Z,35,29.412614822387695,100,3,3,0
2019-02-14T12:13:27.684Z,35,29.673032760620117,100,3,3,0
2019-02-14T12:13:32.961Z,35,29.629629135131836,100,3,3,0
2019-02-14T12:13:38.203Z,35,29.918981552124023,100,3,3,0
2019-02-14T12:13:43.720Z,35,30.55555534362793,100,3,3,0
2019-02-14T12:13:48.979Z,35,29.99131965637207,100,3,3,0
2019-02-14T12:13:54.288Z,35,30.758100509643555,100,3,3,0
2019-02-14T12:13:59.867Z,35,29.398147583007812,100,3,3,0
2019-02-14T12:14:05.088Z,35,30.8304386138916,100,3,3,0
2019-02-14T12:14:10.430Z,35,30.020254135131836,100,3,3,0
2019-02-14T12:14:16.038Z,35,30.787036895751953,100,3,3,0
2019-02-14T12:14:21.339Z,35,30.77256965637207,100,3,3,0
2019-02-14T12:14:26.589Z,35,29.398147583007812,100,3,3,0
2019-02-14T12:14:31.856Z,35,29.441551208496094,100,3,3,0
2019-02-14T12:14:37.182Z,35,29.918981552124023,100,3,3,0
2019-02-14T12:14:42.333Z,35,29.976850509643555,100,3,3,0
2019-02-14T12:14:47.662Z,35,29.369213104248047,100,3,3,0
2019-02-14T12:14:53.036Z,35,31.047452926635742,100,3,3,0
2019-02-14T12:14:58.179Z,35,30.107059478759766,100,3,3,0
2019-02-14T12:15:03.397Z,35,28.804975509643555,100,3,3,0
2019-02-14T12:15:08.780Z,35,30.483217239379883,100,3,3,0
2019-02-14T12:15:14.019Z,35,29.629629135131836,100,3,3,0
2019-02-14T12:15:19.684Z,35,30.42534637451172,100,3,3,0
2019-02-14T12:15:25.023Z,35,29.890045166015625,100,3,3,0
2019-02-14T12:15:30.035Z,35,30.063657760620117,100,3,3,0
2019-02-14T12:15:35.531Z,35,30.193864822387695,100,3,3,0
2019-02-14T12:15:40.970Z,35,29.890045166015625,100,3,3,0
2019-02-14T12:15:46.415Z,35,29.875577926635742,100,3,3,0
2019-02-14T12:15:51.649Z,35,29.484952926635742,100,3,3,0
2019-02-14T12:15:56.913Z,35,30.063657760620117,100,3,3,0
2019-02-14T12:16:02.453Z,35,29.398147583007812,100,3,3,0
2019-02-14T12:16:07.689Z,35,30.859375,100,3,3,0
2019-02-14T12:16:13.407Z,35,29.441551208496094,100,3,3,0
2019-02-14T12:16:18.776Z,35,29.73090171813965,100,3,3,0
2019-02-14T12:16:24.032Z,35,30.16493034362793,100,3,3,0
2019-02-14T12:16:29.374Z,35,29.803239822387695,100,3,3,0
2019-02-14T12:16:34.921Z,35,30.33854103088379,100,3,3,0
2019-02-14T12:16:40.133Z,35,29.369213104248047,100,3,3,0
2019-02-14T12:16:45.488Z,35,30.193864822387695,100,3,3,0
2019-02-14T12:16:51.024Z,35,29.6875,100,3,3,0
2019-02-14T12:16:56.417Z,35,29.832176208496094,100,3,3,0
2019-02-14T12:17:01.468Z,35,29.528356552124023,100,3,3,0
2019-02-14T12:17:06.525Z,35,29.152198791503906,100,3,3,0
2019-02-14T12:17:11.562Z,35,28.57349395751953,100,3,3,0
2019-02-14T12:17:16.628Z,35,29.07986068725586,100,3,3,0
2019-02-14T12:17:21.735Z,35,30.03472137451172,100,3,3,0
2019-02-14T12:17:26.791Z,35,29.528356552124023,100,3,3,0
2019-02-14T12:17:31.846Z,35,30.092592239379883,100,3,3,0
2019-02-14T12:17:36.874Z,35,30.12152671813965,100,3,3,0
2019-02-14T12:17:41.975Z,35,29.412614822387695,100,3,3,0
2019-02-14T12:17:47.057Z,35,29.34027671813965,100,3,3,0
2019-02-14T12:17:52.167Z,35,29.2679386138916,100,3,3,0
2019-02-14T12:17:57.255Z,35,29.99131965637207,100,3,3,0
2019-02-14T12:18:02.326Z,35,30.410879135131836,100,3,3,0
2019-02-14T12:18:07.434Z,35,30.13599395751953,100,3,3,0
2019-02-14T12:18:12.483Z,35,29.586225509643555,100,3,3,0
2019-02-14T12:18:17.573Z,35,29.398147583007812,100,3,3,0
2019-02-14T12:18:22.653Z,35,28.73263931274414,100,3,3,0
2019-02-14T12:18:27.807Z,35,29.325809478759766,100,3,3,0
2019-02-14T12:18:32.900Z,35,30.179397583007812,100,3,3,0
2019-02-14T12:18:37.947Z,35,30.208332061767578,100,3,3,0
2019-02-14T12:18:43.378Z,35,29.325809478759766,100,3,3,0
2019-02-14T12:18:48.558Z,35,30.16493034362793,100,3,3,0
2019-02-14T12:18:53.659Z,35,29.629629135131836,100,3,3,0
2019-02-14T12:18:58.800Z,35,29.239004135131836,100,3,3,0
2019-02-14T12:19:03.999Z,35,29.108795166015625,100,3,3,0
2019-02-14T12:19:09.420Z,35,29.629629135131836,100,3,3,0
2019-02-14T12:19:14.580Z,35,28.761573791503906,100,3,3,0
2019-02-14T12:19:19.744Z,35,28.86284637451172,100,3,3,0
2019-02-14T12:19:24.875Z,35,29.832176208496094,100,3,3,0
2019-02-14T12:19:29.975Z,35,30.38194465637207,100,3,3,0
2019-02-14T12:19:35.133Z,35,28.891782760620117,100,3,3,0
2019-02-14T12:19:40.378Z,35,29.817707061767578,100,3,3,0
2019-02-14T12:19:45.536Z,35,29.542823791503906,100,3,3,0
2019-02-14T12:19:50.751Z,35,28.96411895751953,100,3,3,0
2019-02-14T12:19:55.937Z,35,29.73090171813965,100,3,3,0
2019-02-14T12:20:01.126Z,35,29.586225509643555,100,3,3,0
2019-02-14T12:20:06.669Z,35,29.615161895751953,100,3,3,0
2019-02-14T12:20:11.722Z,35,29.484952926635742,100,3,3,0
2019-02-14T12:20:16.732Z,35,29.832176208496094,100,3,3,0
2019-02-14T12:20:21.783Z,35,29.34027671813965,100,3,3,0
2019-02-14T12:20:26.965Z,35,29.2679386138916,100,3,3,0
2019-02-14T12:20:32.191Z,35,29.296875,100,3,3,0
2019-02-14T12:20:37.351Z,35,29.701967239379883,100,3,3,0
2019-02-14T12:20:42.561Z,35,28.530092239379883,100,3,3,0
2019-02-14T12:20:47.801Z,35,29.890045166015625,100,3,3,0
2019-02-14T12:20:52.966Z,35,29.224536895751953,100,3,3,0
2019-02-14T12:20:58.193Z,35,28.457754135131836,100,3,3,0
2019-02-14T12:21:03.355Z,35,28.94965171813965,100,3,3,0
2019-02-14T12:21:08.620Z,35,30.063657760620117,100,3,3,0
2019-02-14T12:21:13.742Z,35,29.050926208496094,100,3,3,0
2019-02-14T12:21:18.970Z,35,29.094327926635742,100,3,3,0
2019-02-14T12:21:24.200Z,35,29.629629135131836,100,3,3,0
2019-02-14T12:21:29.484Z,35,29.195600509643555,100,3,3,0
2019-02-14T12:21:34.751Z,35,29.181133270263672,100,3,3,0
2019-02-14T12:21:40.023Z,35,29.673032760620117,100,3,3,0
2019-02-14T12:21:45.263Z,35,28.790508270263672,100,3,3,0
2019-02-14T12:21:50.582Z,35,29.74536895751953,100,3,3,0
2019-02-14T12:21:55.872Z,35,29.036457061767578,100,3,3,0
2019-02-14T12:22:01.122Z,35,29.615161895751953,100,3,3,0
2019-02-14T12:22:06.339Z,35,29.542823791503906,100,3,3,0
2019-02-14T12:22:11.612Z,35,29.094327926635742,100,3,3,0
2019-02-14T12:22:16.895Z,35,29.73090171813965,100,3,3,0
2019-02-14T12:22:22.227Z,35,28.60243034362793,100,3,3,0
2019-02-14T12:22:27.577Z,35,30.16493034362793,100,3,3,0
2019-02-14T12:22:32.791Z,35,29.398147583007812,100,3,3,0
2019-02-14T12:22:38.109Z,35,29.369213104248047,100,3,3,0
2019-02-14T12:22:43.400Z,35,29.817707061767578,100,3,3,0
2019-02-14T12:22:48.751Z,35,28.718170166015625,100,3,3,0
2019-02-14T12:22:54.110Z,35,29.77430534362793,100,3,3,0
2019-02-14T12:22:59.455Z,35,28.94965171813965,100,3,3,0
2019-02-14T12:23:04.814Z,35,29.817707061767578,100,3,3,0
2019-02-14T12:23:10.158Z,35,28.935184478759766,100,3,3,0
2019-02-14T12:23:15.494Z,35,30.03472137451172,100,3,3,0
2019-02-14T12:23:20.852Z,35,28.86284637451172,100,3,3,0
2019-02-14T12:23:26.192Z,35,30.266202926635742,100,3,3,0
2019-02-14T12:23:31.547Z,35,28.8773136138916,100,3,3,0
2019-02-14T12:23:36.914Z,35,29.803239822387695,100,3,3,0
2019-02-14T12:23:42.350Z,35,29.16666603088379,100,3,3,0
2019-02-14T12:23:47.709Z,35,29.77430534362793,100,3,3,0
2019-02-14T12:23:53.064Z,35,28.833911895751953,100,3,3,0
2019-02-14T12:23:58.488Z,35,29.542823791503906,100,3,3,0
2019-02-14T12:24:03.838Z,35,28.833911895751953,100,3,3,0
2019-02-14T12:24:09.273Z,35,28.935184478759766,100,3,3,0
2019-02-14T12:24:14.702Z,35,29.456018447875977,100,3,3,0
2019-02-14T12:24:20.132Z,35,28.47222137451172,100,3,3,0
2019-02-14T12:24:25.494Z,35,29.673032760620117,100,3,3,0
2019-02-14T12:24:30.858Z,35,28.935184478759766,100,3,3,0
2019-02-14T12:24:36.242Z,35,29.456018447875977,100,3,3,0
2019-02-14T12:24:41.678Z,35,29.55729103088379,100,3,3,0
2019-02-14T12:24:47.094Z,35,28.86284637451172,100,3,3,0
2019-02-14T12:24:52.527Z,35,29.311342239379883,100,3,3,0
2019-02-14T12:24:57.955Z,35,29.325809478759766,100,3,3,0
2019-02-14T12:25:03.372Z,35,29.73090171813965,100,3,3,0
2019-02-14T12:25:08.861Z,35,29.224536895751953,100,3,3,0
2019-02-14T12:25:14.302Z,35,29.050926208496094,100,3,3,0
2019-02-14T12:25:19.305Z,35,28.978588104248047,100,3,3,0
2019-02-14T12:25:24.810Z,35,30.107059478759766,100,3,3,0
2019-02-14T12:25:30.312Z,35,29.6585636138916,100,3,3,0
2019-02-14T12:25:35.777Z,35,28.674768447875977,100,3,3,0
2019-02-14T12:25:41.273Z,35,29.55729103088379,100,3,3,0
2019-02-14T12:25:46.739Z,35,28.81944465637207,100,3,3,0
2019-02-14T12:25:51.774Z,35,29.195600509643555,100,3,3,0
2019-02-14T12:25:57.301Z,35,29.311342239379883,100,3,3,0
2019-02-14T12:26:02.834Z,35,28.587963104248047,100,3,3,0
2019-02-14T12:26:08.339Z,35,29.629629135131836,100,3,3,0
2019-02-14T12:26:14.034Z,35,29.962383270263672,100,3,3,0
2019-02-14T12:26:19.568Z,35,29.441551208496094,100,3,3,0
2019-02-14T12:26:25.268Z,35,29.152198791503906,100,3,3,0
2019-02-14T12:26:30.919Z,35,28.674768447875977,100,3,3,0
2019-02-14T12:26:36.495Z,35,28.327545166015625,100,3,3,0
2019-02-14T12:26:42.105Z,35,29.195600509643555,100,3,3,0
2019-02-14T12:26:47.731Z,35,30.020254135131836,100,3,3,0
2019-02-14T12:26:53.338Z,35,29.803239822387695,100,3,3,0
2019-02-14T12:26:59.060Z,35,29.12326431274414,100,3,3,0
2019-02-14T12:27:04.770Z,35,29.673032760620117,100,3,3,0
2019-02-14T12:27:10.466Z,35,29.325809478759766,100,3,3,0
2019-02-14T12:27:16.202Z,35,29.16666603088379,100,3,3,0
2019-02-14T12:27:21.918Z,35,28.94965171813965,100,3,3,0
2019-02-14T12:27:27.653Z,35,29.12326431274414,100,3,3,0
2019-02-14T12:27:33.385Z,35,28.81944465637207,100,3,3,0
2019-02-14T12:27:39.232Z,35,28.660301208496094,100,3,3,0
2019-02-14T12:27:44.965Z,35,28.718170166015625,100,3,3,0
2019-02-14T12:27:50.748Z,35,28.60243034362793,100,3,3,0
2019-02-14T12:27:56.536Z,35,29.181133270263672,100,3,3,0
2019-02-14T12:28:02.302Z,35,28.94965171813965,100,3,3,0
2019-02-14T12:28:08.009Z,35,29.542823791503906,100,3,3,0
2019-02-14T12:28:13.046Z,35,29.369213104248047,100,3,3,0
2019-02-14T12:28:18.387Z,35,29.441551208496094,100,3,3,0
2019-02-14T12:28:23.675Z,35,29.542823791503906,100,3,3,0
2019-02-14T12:28:28.724Z,35,29.195600509643555,100,3,3,0
2019-02-14T12:28:34.154Z,35,29.484952926635742,100,3,3,0
2019-02-14T12:28:39.542Z,35,29.90451431274414,100,3,3,0
2019-02-14T12:28:45.353Z,35,29.875577926635742,100,3,3,0
2019-02-14T12:28:50.418Z,35,28.935184478759766,100,3,3,0
2019-02-14T12:28:55.722Z,35,30.42534637451172,100,3,3,0
2019-02-14T12:29:00.987Z,35,30.266202926635742,100,3,3,0
2019-02-14T12:29:06.045Z,35,29.16666603088379,100,3,3,0
2019-02-14T12:29:11.478Z,35,29.441551208496094,100,3,3,0
2019-02-14T12:29:16.863Z,35,28.60243034362793,100,3,3,0
2019-02-14T12:29:21.945Z,35,30.13599395751953,100,3,3,0
2019-02-14T12:29:27.351Z,35,29.6875,100,3,3,0
2019-02-14T12:29:32.781Z,35,29.441551208496094,100,3,3,0
2019-02-14T12:29:37.870Z,35,28.790508270263672,100,3,3,0
2019-02-14T12:29:43.310Z,35,29.239004135131836,100,3,3,0
2019-02-14T12:29:48.771Z,35,29.6585636138916,100,3,3,0
2019-02-14T12:29:53.872Z,35,28.81944465637207,100,3,3,0
2019-02-14T12:29:59.367Z,35,28.978588104248047,100,3,3,0
2019-02-14T12:30:04.818Z,35,28.153934478759766,100,3,3,0
2019-02-14T12:30:09.945Z,35,30.541088104248047,100,3,3,0
2019-02-14T12:30:15.377Z,35,29.12326431274414,100,3,3,0
2019-02-14T12:30:20.848Z,35,29.55729103088379,100,3,3,0
2019-02-14T12:30:25.955Z,35,28.73263931274414,100,3,3,0
2019-02-14T12:30:31.440Z,35,29.036457061767578,100,3,3,0
2019-02-14T12:30:36.918Z,35,29.152198791503906,100,3,3,0
2019-02-14T12:30:42.092Z,35,28.8773136138916,100,3,3,0
2019-02-14T12:30:47.650Z,35,29.16666603088379,100,3,3,0
2019-02-14T12:30:53.166Z,35,28.96411895751953,100,3,3,0
2019-02-14T12:30:58.338Z,35,29.369213104248047,100,3,3,0
2019-02-14T12:31:03.859Z,35,29.701967239379883,100,3,3,0
2019-02-14T12:31:09.127Z,35,29.51388931274414,100,3,3,0
2019-02-14T12:31:14.689Z,35,28.587963104248047,100,3,3,0
2019-02-14T12:31:20.274Z,35,29.6585636138916,100,3,3,0
2019-02-14T12:31:25.495Z,35,29.528356552124023,100,3,3,0
2019-02-14T12:31:30.497Z,35,28.68923568725586,100,3,3,0
2019-02-14T12:31:35.746Z,35,28.660301208496094,100,3,3,0
2019-02-14T12:31:40.839Z,35,29.38368034362793,100,3,3,0
2019-02-14T12:31:46.173Z,35,29.77430534362793,100,3,3,0
2019-02-14T12:31:51.220Z,35,29.484952926635742,100,3,3,0
2019-02-14T12:31:56.530Z,35,29.456018447875977,100,3,3,0
2019-02-14T12:32:01.659Z,35,29.2679386138916,100,3,3,0
2019-02-14T12:32:06.952Z,35,29.094327926635742,100,3,3,0
2019-02-14T12:32:12.085Z,35,30.33854103088379,100,3,3,0
2019-02-14T12:32:17.382Z,35,29.311342239379883,100,3,3,0
2019-02-14T12:32:22.485Z,35,28.370948791503906,100,3,3,0
2019-02-14T12:32:27.808Z,35,28.718170166015625,100,3,3,0
2019-02-14T12:32:32.875Z,35,29.456018447875977,100,3,3,0
2019-02-14T12:32:38.279Z,35,29.296875,100,3,3,0
2019-02-14T12:32:43.423Z,35,29.456018447875977,100,3,3,0
2019-02-14T12:32:48.833Z,35,29.441551208496094,100,3,3,0
2019-02-14T12:32:54.118Z,35,29.050926208496094,100,3,3,0
2019-02-14T12:32:59.506Z,35,29.673032760620117,100,3,3,0
2019-02-14T12:33:04.680Z,35,29.484952926635742,100,3,3,0
2019-02-14T12:33:10.093Z,35,29.47048568725586,100,3,3,0
2019-02-14T12:33:15.214Z,35,29.369213104248047,100,3,3,0
2019-02-14T12:33:20.664Z,35,29.325809478759766,100,3,3,0
2019-02-14T12:33:25.854Z,35,28.645832061767578,100,3,3,0
2019-02-14T12:33:31.402Z,35,29.441551208496094,100,3,3,0
2019-02-14T12:33:36.614Z,35,29.036457061767578,100,3,3,0
2019-02-14T12:33:41.690Z,35,29.586225509643555,100,3,3,0
2019-02-14T12:33:47.189Z,35,29.77430534362793,100,3,3,0
2019-02-14T12:33:52.796Z,35,29.73090171813965,100,3,3,0
2019-02-14T12:33:59.796Z,35,30.092592239379883,100,3,3,0
2019-02-14T12:34:04.875Z,35,29.07986068725586,100,3,3,0
2019-02-14T12:34:10.268Z,35,29.094327926635742,100,3,3,0
2019-02-14T12:34:15.835Z,35,29.2679386138916,100,3,3,0
2019-02-14T12:34:21.692Z,35,28.18286895751953,100,3,3,0
2019-02-14T12:34:27.155Z,35,28.443286895751953,100,3,3,0
2019-02-14T12:34:33.330Z,35,28.616897583007812,100,3,3,0
2019-02-14T12:34:46.136Z,35,28.327545166015625,100,3,3,0
2019-02-14T12:34:51.752Z,35,28.660301208496094,100,3,3,0
2019-02-14T12:34:57.678Z,35,28.067129135131836,100,3,3,0
2019-02-14T12:35:03.638Z,35,28.29861068725586,100,3,3,0
2019-02-14T12:35:08.848Z,35,29.296875,100,3,3,0
2019-02-14T12:35:16.209Z,35,29.398147583007812,100,3,3,0
2019-02-14T12:35:22.560Z,35,29.73090171813965,100,3,3,0
2019-02-14T12:35:35.916Z,35,28.86284637451172,100,3,3,0
2019-02-14T12:35:56.327Z,35,28.60243034362793,100,3,3,0
2019-02-14T12:36:04.218Z,35,28.804975509643555,100,3,3,0
2019-02-14T12:36:14.888Z,35,28.16840171813965,100,3,3,0
2019-02-14T12:36:38.825Z,35,29.629629135131836,100,3,3,0
2019-02-14T12:37:39.296Z,35,29.484952926635742,100,3,3,0
2019-02-14T12:37:59.426Z,35,29.036457061767578,100,3,3,0
2019-02-14T12:38:43.837Z,35,28.313077926635742,100,3,3,0
2019-02-14T12:39:07.258Z,35,29.701967239379883,100,3,3,0
2019-02-14T12:39:15.803Z,35,28.81944465637207,100,3,3,0
2019-02-14T12:39:44.918Z,35,28.47222137451172,100,3,3,0
2019-02-14T12:39:58.749Z,35,29.296875,100,3,3,0
2019-02-14T12:40:21.755Z,35,28.0960636138916,100,3,3,0
2019-02-14T12:40:26.864Z,35,28.443286895751953,100,3,3,0
2019-02-14T12:40:55.186Z,35,27.95138931274414,100,3,3,0
2019-02-14T12:41:48.796Z,35,27.99479103088379,100,3,3,0
2019-02-14T12:42:05.810Z,35,28.08159637451172,100,3,3,0
2019-02-14T12:42:27.990Z,35,28.8773136138916,100,3,3,0
2019-02-14T12:43:06.005Z,35,28.501157760620117,100,3,3,0
2019-02-14T12:43:33.320Z,35,27.7054386138916,100,3,3,0
2019-02-14T12:43:39.918Z,35,28.616897583007812,100,3,3,0
2019-02-14T12:44:33.144Z,35,28.530092239379883,100,3,3,0
2019-02-14T12:44:50.517Z,35,27.936920166015625,100,3,3,0
2019-02-14T14:54:35.099Z,35,31.394676208496094,100,3,3,0
2019-02-14T14:56:49.246Z,35,-0.0434027761220932,100,3,3,0
2019-02-14T14:56:54.476Z,35,-0.0434027761220932,100,3,3,0
2019-02-14T14:59:01.315Z,35,-0.0434027761220932,100,3,3,0
2019-02-14T15:59:20.129Z,35,34.54861068725586,100,3,3,0
2019-02-14T15:59:30.406Z,35,33.46354293823242,100,3,3,0
2019-02-14T15:59:47.115Z,35,33.49247741699219,100,3,3,0
2019-02-14T16:04:37.930Z,35,33.449073791503906,100,3,3,0
2019-02-14T16:04:57.844Z,35,33.969905853271484,100,3,3,0
2019-02-14T16:05:03.617Z,35,34.519676208496094,100,3,3,0
2019-02-14T16:11:44.860Z,35,35.46006774902344,100,3,3,0
2019-02-14T16:12:52.802Z,35,33.85416793823242,100,3,3,0
2019-02-14T17:04:22.128Z,35,32.957176208496094,100,3,3,0
2019-02-14T17:04:44.402Z,35,33.60821533203125,100,3,3,0
2019-02-14T17:05:16.097Z,35,34.69328689575195,100,3,3,0
2019-02-14T19:19:46.645Z,35,24.9710636138916,100,3,3,0
2019-02-14T19:20:07.540Z,35,-0.07233796268701553,100,3,3,0
2019-02-14T19:20:46.004Z,35,93.9959487915039,0,3,3,0
2019-02-14T19:21:07.040Z,35,24.811920166015625,100,3,3,0
2019-02-14T19:21:35.975Z,35,35.67708206176758,92.7115478515625,3,3,0
2019-02-14T19:21:41.952Z,35,35.37326431274414,89.53768920898438,3,3,0
2019-02-14T19:21:59.903Z,35,35.908565521240234,89.70986938476562,3,3,0
2019-02-14T19:22:48.079Z,35,24.464698791503906,100,3,3,0
2019-02-14T19:22:53.883Z,35,25.708911895751953,100,3,3,0
2019-02-14T19:23:31.527Z,35,37.1961784362793,84.49319458007812,3,3,0
2019-02-14T19:23:38.274Z,35,36.40046310424805,85.10356903076172,3,3,0
2019-02-14T19:24:24.949Z,35,38.917823791503906,61.63322448730469,3,3,0
2019-02-14T19:24:36.943Z,35,38.74421310424805,58.82689666748047,3,3,0
2019-02-14T19:26:26.607Z,35,27.199073791503906,100,3,3,0
2019-02-14T20:57:21.224Z,35,-0.1302083283662796,100,3,3,0
2019-02-14T22:37:03.303Z,35,32.92824172973633,100,3,3,0
2019-02-14T10:26:00.614Z,0,31.148725509643555,0,0,4,0
2019-02-14T10:26:06.075Z,0,32.14699172973633,0,0,4,0
2019-02-14T10:26:11.081Z,0,31.51041603088379,0,3,4,0
2019-02-14T10:26:16.308Z,0,31.20659637451172,0,3,4,0
2019-02-14T10:26:21.594Z,30,31.799768447875977,0,3,4,0
2019-02-14T10:26:26.597Z,30,31.929975509643555,0,3,4,0
2019-02-14T10:26:31.605Z,30,31.264467239379883,0,3,4,0
2019-02-14T10:26:37.420Z,30,31.25,0,3,4,0
2019-02-14T10:26:42.623Z,35,31.264467239379883,0,3,4,0
2019-02-14T10:26:47.631Z,35,31.69849395751953,0,3,4,0
2019-02-14T10:26:52.634Z,35,32.29166793823242,0,3,4,0
2019-02-14T10:26:57.639Z,35,32.13252258300781,0,3,4,0
2019-02-14T10:27:02.647Z,35,31.29340171813965,0,3,4,0
2019-02-14T10:27:07.654Z,35,31.134258270263672,0,3,4,0
2019-02-14T10:27:12.666Z,35,31.42361068725586,0,3,4,0
2019-02-14T10:27:17.676Z,35,31.409143447875977,0,3,4,0
2019-02-14T10:27:22.685Z,35,32.277198791503906,0,3,4,0
2019-02-14T10:27:27.685Z,35,32.47974395751953,0,3,4,0
2019-02-14T10:27:32.696Z,35,31.6116886138916,0,3,4,0
2019-02-14T10:27:37.704Z,35,30.8304386138916,0,3,4,0
2019-02-14T10:27:42.705Z,35,31.29340171813965,0,3,4,0
2019-02-14T10:27:47.709Z,35,31.756364822387695,0,3,4,0
2019-02-14T10:27:52.720Z,35,32.08911895751953,0,3,4,0
2019-02-14T10:27:57.727Z,35,32.14699172973633,0,3,4,0
2019-02-14T10:28:02.731Z,35,31.6116886138916,0,3,4,0
2019-02-14T10:28:07.741Z,35,31.756364822387695,0,3,4,0
2019-02-14T10:28:12.747Z,35,31.438077926635742,0,3,4,0
2019-02-14T10:28:17.754Z,35,31.51041603088379,0,3,4,0
2019-02-14T10:28:22.762Z,35,31.626157760620117,0,3,4,0
2019-02-14T10:28:27.767Z,35,32.20486068725586,0,3,4,0
2019-02-14T10:28:32.773Z,35,31.799768447875977,0,3,4,0
2019-02-14T10:28:37.784Z,35,31.177661895751953,0,3,4,0
2019-02-14T10:28:42.788Z,35,30.743633270263672,0,3,4,0
2019-02-14T10:28:47.794Z,35,31.134258270263672,0,3,4,0
2019-02-14T10:28:52.802Z,35,31.42361068725586,0,3,4,0
2019-02-14T10:28:57.810Z,35,31.20659637451172,0,3,4,0
2019-02-14T10:29:02.817Z,35,31.55381965637207,0,3,4,0
2019-02-14T10:29:07.825Z,35,31.51041603088379,0,3,4,0
2019-02-14T10:29:12.829Z,35,31.626157760620117,0,3,4,0
2019-02-14T10:29:17.835Z,35,31.799768447875977,0,3,4,0
2019-02-14T10:29:22.848Z,35,31.770832061767578,0,3,4,0
2019-02-14T10:29:27.849Z,35,31.264467239379883,0,3,4,0
2019-02-14T10:29:32.858Z,35,31.061920166015625,0,3,4,0
2019-02-14T10:29:37.865Z,35,31.351272583007812,0,3,4,0
2019-02-14T10:29:42.874Z,35,32.233795166015625,0,3,4,0
2019-02-14T10:29:47.879Z,35,32.47974395751953,0,3,4,0
2019-02-14T10:29:52.890Z,35,31.69849395751953,0,3,4,0
2019-02-14T10:29:57.892Z,35,31.264467239379883,0,3,4,0
2019-02-14T10:30:02.906Z,35,31.148725509643555,0,3,4,0
2019-02-14T10:30:07.909Z,35,31.047452926635742,0,3,4,0
2019-02-14T10:30:12.916Z,35,31.365739822387695,0,3,4,0
2019-02-14T10:30:17.923Z,35,31.2210636138916,0,3,4,0
2019-02-14T10:30:22.932Z,35,31.539350509643555,0,3,4,0
2019-02-14T10:30:27.942Z,35,31.785301208496094,0,3,4,0
2019-02-14T10:30:32.952Z,35,31.915508270263672,0,3,4,0
2019-02-14T10:30:37.958Z,35,31.929975509643555,0,3,4,0
2019-02-14T10:30:42.963Z,35,30.700231552124023,0,3,4,0
2019-02-14T10:30:47.971Z,35,31.105323791503906,0,3,4,0
2019-02-14T10:30:52.981Z,35,31.828702926635742,0,3,4,0
2019-02-14T10:30:57.988Z,35,32.5086784362793,0,3,4,0
2019-02-14T10:31:02.995Z,35,32.219329833984375,0,3,4,0
2019-02-14T10:31:07.998Z,35,31.872106552124023,0,3,4,0
2019-02-14T10:31:13.008Z,35,31.322338104248047,0,3,4,0
2019-02-14T10:31:18.015Z,35,31.29340171813965,0,3,4,0
2019-02-14T10:31:23.025Z,35,31.322338104248047,0,3,4,0
2019-02-14T10:31:28.040Z,35,31.134258270263672,0,3,4,0
2019-02-14T10:31:33.048Z,35,31.105323791503906,0,3,4,0
2019-02-14T10:31:38.545Z,35,31.365739822387695,0,3,4,0
2019-02-14T10:31:43.553Z,35,31.004051208496094,0,3,4,0
2019-02-14T10:31:48.571Z,35,30.55555534362793,0,3,4,0
2019-02-14T10:31:53.579Z,35,31.539350509643555,0,3,4,0
2019-02-14T10:31:59.073Z,35,31.004051208496094,0,3,4,0
2019-02-14T10:32:04.083Z,35,30.55555534362793,0,3,4,0
2019-02-14T10:32:09.090Z,35,31.03298568725586,0,3,4,0
2019-02-14T10:32:14.107Z,35,31.11979103088379,0,3,4,0
2019-02-14T10:32:19.605Z,35,31.105323791503906,0,3,4,0
2019-02-14T10:32:24.618Z,35,30.541088104248047,0,3,4,0
2019-02-14T10:32:29.631Z,35,31.495948791503906,0,3,4,0
2019-02-14T10:32:34.635Z,35,31.409143447875977,0,3,4,0
2019-02-14T10:32:40.134Z,35,31.351272583007812,0,3,4,0
2019-02-14T10:32:45.142Z,35,31.134258270263672,0,3,4,0
2019-02-14T10:32:50.147Z,35,30.844907760620117,0,3,4,0
2019-02-14T10:32:55.151Z,35,30.888309478759766,0,3,4,0
2019-02-14T10:33:00.156Z,35,30.931713104248047,0,4,4,0
2019-02-14T10:33:05.165Z,35,31.07638931274414,0,4,4,0
2019-02-14T10:33:10.183Z,35,32.16145706176758,0,4,4,0
2019-02-14T10:33:15.183Z,35,32.20486068725586,0,4,4,0
2019-02-14T10:33:20.198Z,35,31.94444465637207,0,4,4,0
2019-02-14T10:33:25.204Z,35,31.495948791503906,0,4,4,0
2019-02-14T10:33:30.213Z,35,31.134258270263672,0,4,4,0
2019-02-14T10:33:35.721Z,35,32.43634033203125,0,4,4,0
2019-02-14T10:33:41.217Z,35,30.888309478759766,0,4,4,0
2019-02-14T10:33:46.237Z,35,31.51041603088379,0,4,4,0
2019-02-14T10:33:51.732Z,35,31.134258270263672,0,4,4,0
2019-02-14T10:33:56.740Z,35,30.8304386138916,0,4,4,0
2019-02-14T10:34:01.750Z,35,30.714698791503906,0,4,4,0
2019-02-14T10:34:06.753Z,35,31.29340171813965,0,4,4,0
2019-02-14T10:34:11.774Z,35,32.016780853271484,0,4,4,0
2019-02-14T10:34:16.778Z,35,32.219329833984375,0,4,4,0
2019-02-14T10:34:22.272Z,35,31.568286895751953,0,4,4,0
2019-02-14T10:34:27.292Z,35,32.5086784362793,0,4,4,0
2019-02-14T10:34:32.316Z,35,32.26272964477539,0,4,4,0
2019-02-14T10:34:37.322Z,35,32.5086784362793,0,4,4,0
2019-02-14T10:34:42.815Z,35,31.770832061767578,0,4,4,0
2019-02-14T10:34:47.820Z,35,32.14699172973633,0,4,4,0
2019-02-14T10:34:53.318Z,35,31.42361068725586,0,4,4,0
2019-02-14T10:34:58.326Z,35,31.07638931274414,0,4,4,0
2019-02-14T10:35:03.350Z,35,31.872106552124023,0,4,4,0
2019-02-14T10:35:08.350Z,35,31.72743034362793,0,4,4,0
2019-02-14T10:35:13.356Z,35,31.799768447875977,0,4,4,0
2019-02-14T10:35:18.364Z,35,32.5086784362793,0,4,4,0
2019-02-14T10:35:23.893Z,35,32.190391540527344,0,4,4,0
2019-02-14T10:35:29.381Z,35,30.787036895751953,0,4,4,0
2019-02-14T10:35:34.889Z,35,31.828702926635742,0,4,4,0
2019-02-14T10:35:40.394Z,35,32.624420166015625,0,4,4,0
2019-02-14T10:35:45.403Z,35,31.973379135131836,0,4,4,0
2019-02-14T10:35:50.406Z,35,31.278934478759766,0,4,4,0
2019-02-14T10:35:55.426Z,35,31.148725509643555,0,4,4,0
2019-02-14T10:36:00.903Z,35,32.29166793823242,0,4,4,0
2019-02-14T10:36:05.942Z,35,31.785301208496094,0,4,4,0
2019-02-14T10:36:11.414Z,35,31.929975509643555,0,4,4,0
2019-02-14T10:36:16.439Z,35,32.29166793823242,0,4,4,0
2019-02-14T10:36:21.957Z,35,31.640625,0,4,4,0
2019-02-14T10:36:26.972Z,35,32.63888931274414,0,4,4,0
2019-02-14T10:36:32.447Z,35,31.799768447875977,0,4,4,0
2019-02-14T10:36:37.467Z,35,32.98611068725586,0,4,4,0
2019-02-14T10:36:42.475Z,35,32.783565521240234,0,4,4,0
2019-02-14T10:36:48.052Z,35,31.148725509643555,0,4,4,0
2019-02-14T10:36:53.502Z,35,31.25,0,4,4,0
2019-02-14T10:36:58.511Z,35,30.90277671813965,0,4,4,0
2019-02-14T10:37:04.018Z,35,31.322338104248047,0,4,4,0
2019-02-14T10:37:09.515Z,35,31.756364822387695,0,4,4,0
2019-02-14T10:37:14.525Z,35,31.929975509643555,0,4,4,0
2019-02-14T10:37:20.035Z,35,31.655092239379883,0,4,4,0
2019-02-14T10:37:25.060Z,35,31.929975509643555,0,4,4,0
2019-02-14T10:37:30.533Z,35,31.192129135131836,0,4,4,0
2019-02-14T10:37:35.534Z,35,31.799768447875977,0,4,4,0
2019-02-14T10:37:40.550Z,35,31.915508270263672,0,4,4,0
2019-02-14T10:37:45.557Z,35,32.91377258300781,0,4,4,0
2019-02-14T10:37:50.563Z,35,32.581016540527344,0,4,4,0
2019-02-14T10:37:55.575Z,35,32.47974395751953,0,4,4,0
2019-02-14T10:38:00.616Z,35,31.770832061767578,0,4,4,0
2019-02-14T10:38:06.210Z,35,32.5086784362793,0,4,4,0
2019-02-14T10:38:11.748Z,35,31.640625,0,4,4,0
2019-02-14T10:38:17.159Z,35,31.278934478759766,0,4,4,0
2019-02-14T10:38:22.182Z,35,32.233795166015625,0,4,4,0
2019-02-14T10:38:27.587Z,35,31.770832061767578,0,4,4,0
2019-02-14T10:38:32.591Z,35,31.46701431274414,0,4,4,0
2019-02-14T10:38:37.624Z,35,30.931713104248047,0,4,4,0
2019-02-14T10:38:42.633Z,35,30.787036895751953,0,4,4,0
2019-02-14T10:38:48.129Z,35,31.07638931274414,0,4,4,0
2019-02-14T10:38:53.130Z,35,30.627893447875977,0,4,4,0
2019-02-14T10:38:58.150Z,35,30.454282760620117,0,4,4,0
2019-02-14T10:39:03.179Z,35,31.55381965637207,0,4,4,0
2019-02-14T10:39:08.649Z,35,30.454282760620117,0,4,4,0
2019-02-14T10:39:13.672Z,35,30.975114822387695,0,4,4,0
2019-02-14T10:39:19.148Z,35,31.11979103088379,0,4,4,0
2019-02-14T10:39:24.298Z,35,30.671295166015625,0,4,4,0
2019-02-14T10:39:29.666Z,35,31.495948791503906,0,4,4,0
2019-02-14T10:39:34.694Z,35,31.03298568725586,0,4,4,0
2019-02-14T10:39:39.767Z,35,30.787036895751953,0,4,4,0
2019-02-14T10:39:45.193Z,35,31.481481552124023,0,4,4,0
2019-02-14T10:39:50.669Z,35,31.799768447875977,0,4,4,0
2019-02-14T10:39:55.693Z,35,32.1180534362793,0,4,4,0
2019-02-14T10:40:00.833Z,35,31.278934478759766,0,4,4,0
2019-02-14T10:40:06.224Z,35,31.973379135131836,0,4,4,0
2019-02-14T10:40:11.724Z,35,31.770832061767578,0,4,4,0
2019-02-14T10:40:17.210Z,35,31.582754135131836,0,4,4,0
2019-02-14T10:40:22.223Z,35,32.233795166015625,0,4,4,0
2019-02-14T10:40:27.249Z,35,31.770832061767578,0,4,4,0
2019-02-14T10:40:32.399Z,35,31.655092239379883,5.7031426429748535,3,3,0
2019-02-14T10:40:37.740Z,35,31.351272583007812,33.20585632324219,3,3,0
2019-02-14T10:40:42.759Z,35,31.51041603088379,61.69533920288086,3,3,0
2019-02-14T10:40:48.259Z,35,30.483217239379883,96.12425231933594,3,3,0
2019-02-14T10:40:53.271Z,35,30.55555534362793,100,3,3,0
2019-02-14T10:40:58.812Z,32,31.394676208496094,100,3,3,0
2019-02-14T10:41:04.292Z,32,31.51041603088379,100,3,3,0
2019-02-14T10:41:09.770Z,32,30.931713104248047,100,3,3,0
2019-02-14T10:41:14.796Z,32,31.42361068725586,100,3,3,0
2019-02-14T10:41:20.367Z,30,30.613426208496094,96.80668640136719,3,3,0
2019-02-14T10:41:25.785Z,30,30.844907760620117,87.8646240234375,3,3,0
2019-02-14T10:41:31.290Z,30,31.828702926635742,78.26078033447266,3,3,0
2019-02-14T10:41:36.320Z,30,32.277198791503906,66.9965591430664,3,3,0
2019-02-14T10:41:41.340Z,30,31.438077926635742,56.791481018066406,3,3,0
2019-02-14T10:41:46.354Z,30,30.859375,47.161293029785156,3,3,0
2019-02-14T10:41:51.363Z,30,31.177661895751953,40.43507766723633,3,3,0
2019-02-14T10:41:56.382Z,30,31.25,32.90568161010742,3,3,0
2019-02-14T10:42:01.863Z,31,31.264467239379883,25.429889678955078,3,3,0
2019-02-14T10:42:07.351Z,31,31.69849395751953,25.40057945251465,3,3,0
2019-02-14T10:42:12.856Z,31,31.192129135131836,20.405296325683594,3,3,0
2019-02-14T10:42:17.858Z,31,31.770832061767578,20.228328704833984,3,3,0
2019-02-14T10:42:22.858Z,31,31.626157760620117,17.616548538208008,3,3,0
2019-02-14T10:42:28.350Z,31,31.655092239379883,17.717376708984375,3,3,0
2019-02-14T10:42:33.356Z,31,31.828702926635742,18.45762062072754,3,3,0
2019-02-14T10:42:38.362Z,31,31.785301208496094,17.885547637939453,3,3,0
2019-02-14T10:42:43.391Z,31,31.105323791503906,11.478824615478516,3,3,0
2019-02-14T10:42:48.871Z,31,31.582754135131836,8.165943145751953,3,3,0
2019-02-14T10:42:53.892Z,31,31.46701431274414,7.546468257904053,3,3,0
2019-02-14T10:42:58.897Z,31,31.42361068725586,3.6322221755981445,3,3,0
2019-02-14T10:43:03.902Z,31,31.047452926635742,3.861489772796631,3,3,0
2019-02-14T10:43:09.416Z,31,31.42361068725586,7.760834693908691,3,3,0
2019-02-14T10:43:14.421Z,31,31.2210636138916,3.9303274154663086,3,3,0
2019-02-14T10:43:19.914Z,31,31.69849395751953,0.9210487604141235,3,3,0
2019-02-14T10:43:25.405Z,31,32.002315521240234,1.2781312465667725,3,3,0
2019-02-14T10:43:30.433Z,31,32.060184478759766,3.5985121726989746,3,3,0
2019-02-14T10:43:35.433Z,31,31.640625,2.629570245742798,3,3,0
2019-02-14T10:43:40.439Z,31,30.570022583007812,1.213904857635498,3,3,0
2019-02-14T10:43:45.443Z,31,30.541088104248047,0,3,3,0
2019-02-14T10:43:50.447Z,31,30.570022583007812,0,3,3,0
2019-02-14T10:43:55.460Z,31,31.365739822387695,0,3,3,0
2019-02-14T10:44:00.463Z,31,31.582754135131836,0,3,3,0
2019-02-14T10:44:05.466Z,31,31.2210636138916,0,3,3,0
2019-02-14T10:44:10.469Z,31,31.495948791503906,0,3,3,0
2019-02-14T10:44:15.499Z,31,31.770832061767578,2.281338691711426,3,3,0
2019-02-14T10:44:20.976Z,31,30.888309478759766,0,3,3,0
2019-02-14T10:44:26.101Z,31,28.68923568725586,19.362375259399414,3,3,0
2019-02-14T10:44:31.498Z,31,24.421295166015625,80.7765121459961,3,3,0
2019-02-14T10:44:37.017Z,31,24.985532760620117,100,3,3,0
2019-02-14T10:44:42.507Z,31,23.828125,100,3,3,0
2019-02-14T10:44:48.008Z,31,24.56597137451172,100,3,3,0
2019-02-14T10:44:53.021Z,31,24.52256965637207,100,3,3,0
2019-02-14T10:44:58.513Z,31,23.7991886138916,100,3,3,0
2019-02-14T10:45:04.172Z,31,24.247684478759766,100,3,3,0
2019-02-14T10:45:09.512Z,31,24.059606552124023,100,3,3,0
2019-02-14T10:45:14.521Z,31,23.900463104248047,100,3,3,0
2019-02-14T10:45:20.206Z,31,24.08854103088379,100,3,3,0
2019-02-14T10:45:25.524Z,31,23.813657760620117,100,3,3,0
2019-02-14T10:45:30.540Z,31,23.69791603088379,100,3,3,0
2019-02-14T10:45:36.217Z,31,24.04513931274414,100,3,3,0
2019-02-14T10:45:41.540Z,31,24.160879135131836,100,3,3,0
2019-02-14T10:45:46.547Z,31,24.247684478759766,100,3,3,0
2019-02-14T10:45:51.601Z,31,24.059606552124023,100,3,3,0
2019-02-14T10:45:57.050Z,31,23.321758270263672,100,3,3,0
2019-02-14T10:46:02.196Z,31,23.842592239379883,100,3,3,0
2019-02-14T10:46:07.578Z,31,24.710647583007812,100,3,3,0
2019-02-14T10:46:13.062Z,31,23.755786895751953,100,3,3,0
2019-02-14T10:46:18.209Z,31,23.668981552124023,100,3,3,0
2019-02-14T10:46:23.593Z,31,24.04513931274414,100,3,3,0
2019-02-14T10:46:29.078Z,31,23.91493034362793,100,3,3,0
2019-02-14T10:46:34.265Z,31,23.885995864868164,100,3,3,0
2019-02-14T10:46:39.608Z,31,24.348957061767578,100,3,3,0
2019-02-14T10:46:45.101Z,31,23.668981552124023,100,3,3,0
2019-02-14T10:46:50.619Z,31,24.406827926635742,100,3,3,0
2019-02-14T10:46:55.624Z,31,24.493633270263672,100,3,3,0
2019-02-14T10:47:01.292Z,35,23.509838104248047,51.86767578125,3,3,0
2019-02-14T10:47:06.630Z,35,24.82638931274414,65.71023559570312,3,3,0
2019-02-14T10:47:11.647Z,35,24.551504135131836,79.46379089355469,3,3,0
2019-02-14T10:47:17.117Z,35,23.4375,96.52169036865234,3,3,0
2019-02-14T10:47:22.149Z,35,23.726850509643555,100,3,3,0
2019-02-14T10:47:27.281Z,35,23.900463104248047,100,3,3,0
2019-02-14T10:47:32.840Z,35,24.233217239379883,100,3,3,0
2019-02-14T10:47:38.344Z,35,23.582176208496094,100,3,3,0
2019-02-14T10:47:43.827Z,35,23.91493034362793,100,3,3,0
2019-02-14T10:47:49.152Z,35,23.842592239379883,100,3,3,0
2019-02-14T10:47:54.664Z,35,24.26215171813965,100,3,3,0
2019-02-14T10:48:00.165Z,35,23.943864822387695,100,3,3,0
2019-02-14T10:48:05.173Z,35,23.958332061767578,100,3,3,0
2019-02-14T10:48:10.193Z,35,24.103008270263672,100,3,3,0
2019-02-14T10:48:15.355Z,35,24.016202926635742,100,3,3,0
2019-02-14T10:48:20.669Z,35,24.160879135131836,100,3,3,0
2019-02-14T10:48:25.670Z,35,23.900463104248047,100,3,3,0
2019-02-14T10:48:30.676Z,35,24.1898136138916,100,3,3,0
2019-02-14T10:48:35.679Z,35,24.233217239379883,100,3,3,0
2019-02-14T10:48:40.910Z,35,24.26215171813965,100,3,3,0
2019-02-14T10:48:46.181Z,35,23.770254135131836,100,3,3,0
2019-02-14T10:48:51.224Z,35,23.668981552124023,100,3,3,0
2019-02-14T10:48:56.721Z,35,24.30555534362793,100,3,3,0
2019-02-14T10:49:01.971Z,35,24.276620864868164,100,3,3,0
2019-02-14T10:49:07.241Z,35,23.7991886138916,100,3,3,0
2019-02-14T10:49:12.292Z,35,23.69791603088379,100,3,3,0
2019-02-14T10:49:17.423Z,35,23.596643447875977,100,3,3,0
2019-02-14T10:49:22.980Z,35,24.276620864868164,100,3,3,0
2019-02-14T10:49:28.260Z,35,23.813657760620117,100,3,3,0
2019-02-14T10:49:33.270Z,35,23.625577926635742,100,3,3,0
2019-02-14T10:49:38.425Z,35,23.813657760620117,100,3,3,0
2019-02-14T10:49:43.775Z,35,24.233217239379883,100,3,3,0
2019-02-14T10:49:48.814Z,35,24.08854103088379,100,3,3,0
2019-02-14T10:49:54.008Z,35,24.04513931274414,100,3,3,0
2019-02-14T10:49:59.357Z,35,24.04513931274414,100,3,3,0
2019-02-14T10:50:04.853Z,35,23.813657760620117,100,3,3,0
2019-02-14T10:50:09.853Z,35,-0.11574073880910873,100,3,3,0
2019-02-14T10:50:15.343Z,35,-0.11574073880910873,100,3,3,0
2019-02-14T10:50:20.373Z,35,-0.11574073880910873,100,3,3,0
2019-02-14T10:50:25.382Z,35,-0.11574073880910873,100,3,3,0
2019-02-14T10:50:30.435Z,35,-0.11574073880910873,100,3,3,0
2019-02-14T10:50:35.669Z,35,-0.11574073880910873,100,3,3,0
2019-02-14T10:50:41.024Z,35,-0.11574073880910873,100,3,3,0
2019-02-14T10:50:46.546Z,35,-0.11574073880910873,100,3,3,0
2019-02-14T10:50:52.111Z,35,-0.11574073880910873,100,3,3,0
2019-02-14T10:50:57.559Z,35,-0.11574073880910873,100,3,3,0
2019-02-14T10:51:02.592Z,35,-0.11574073880910873,100,3,3,0
2019-02-14T10:51:08.282Z,35,-0.11574073880910873,100,3,3,0
2019-02-14T10:51:13.639Z,35,-0.11574073880910873,100,3,3,0
2019-02-14T10:51:18.860Z,35,-0.11574073880910873,100,3,3,0
2019-02-14T10:51:24.270Z,35,-0.11574073880910873,100,3,3,0
2019-02-14T10:51:29.484Z,35,-0.11574073880910873,100,3,3,0
2019-02-14T10:51:34.858Z,35,-0.11574073880910873,100,3,3,0
2019-02-14T10:51:40.142Z,35,-0.11574073880910873,100,3,3,0
2019-02-14T10:51:45.545Z,35,-0.11574073880910873,100,3,3,0
2019-02-14T10:51:51.036Z,35,-0.11574073880910873,100,3,3,0
2019-02-14T10:51:56.137Z,35,-0.11574073880910873,100,3,3,0
2019-02-14T10:52:01.165Z,35,-0.11574073880910873,100,3,3,0
2019-02-14T10:52:06.247Z,35,-0.11574073880910873,100,3,3,0
2019-02-14T10:52:11.308Z,35,-0.11574073880910873,100,3,3,0
2019-02-14T10:52:16.352Z,35,-0.11574073880910873,100,3,3,0
2019-02-14T10:52:21.369Z,35,-0.11574073880910873,100,3,3,0
2019-02-14T10:52:26.427Z,35,-0.11574073880910873,100,3,3,0
2019-02-14T10:52:31.531Z,35,-0.10127314925193787,100,3,3,0
2019-02-14T10:52:36.877Z,35,-0.11574073880910873,100,3,3,0
2019-02-14T10:52:41.915Z,35,-0.11574073880910873,100,3,3,0
2019-02-14T10:52:47.011Z,35,-0.11574073880910873,100,3,3,0
2019-02-14T10:52:52.447Z,35,-0.11574073880910873,100,3,3,0
2019-02-14T10:52:57.583Z,35,-0.11574073880910873,100,3,3,0
2019-02-14T10:53:02.683Z,35,-0.11574073880910873,100,3,3,0
2019-02-14T10:53:07.752Z,35,-0.10127314925193787,100,3,3,0
2019-02-14T10:53:12.848Z,35,-0.11574073880910873,100,3,3,0
2019-02-14T10:53:17.918Z,35,-0.11574073880910873,100,3,3,0
2019-02-14T10:53:22.966Z,35,-0.11574073880910873,100,3,3,0
2019-02-14T10:53:28.024Z,35,-0.11574073880910873,100,3,3,0
2019-02-14T10:53:33.082Z,35,-0.11574073880910873,100,3,3,0
2019-02-14T10:53:38.134Z,35,-0.11574073880910873,100,3,3,0
2019-02-14T10:53:43.157Z,35,-0.11574073880910873,100,3,3,0
2019-02-14T10:53:48.269Z,35,115.0896987915039,0,3,3,0
2019-02-14T10:53:53.422Z,35,102.69097137451172,0,3,3,0
2019-02-14T10:53:58.790Z,35,23.943864822387695,100,3,3,0
2019-02-14T10:54:03.896Z,35,23.668981552124023,100,3,3,0
2019-02-14T10:54:09.322Z,35,24.9710636138916,100,3,3,0
2019-02-14T10:54:14.397Z,35,27.633100509643555,100,3,3,0
2019-02-14T10:54:19.508Z,35,31.712963104248047,100,3,3,0
2019-02-14T10:54:24.585Z,35,30.613426208496094,100,3,3,0
2019-02-14T10:54:29.675Z,35,33.015045166015625,98.83467102050781,3,3,0
2019-02-14T10:54:35.091Z,35,35.4890022277832,94.63284301757812,3,3,0
2019-02-14T10:54:40.231Z,35,37.34085464477539,91.98859405517578,3,3,0
2019-02-14T10:54:45.359Z,35,35.59027862548828,88.37029266357422,3,3,0
2019-02-14T10:54:50.398Z,35,35.706016540527344,83.95328521728516,3,3,0
2019-02-14T10:54:55.680Z,35,39.207176208496094,77.39341735839844,3,3,0
2019-02-14T10:55:00.814Z,35,37.355323791503906,75.54977416992188,3,3,0
2019-02-14T10:55:06.298Z,35,38.41145706176758,69.40873718261719,3,3,0
2019-02-14T10:55:11.429Z,35,39.5399284362793,63.505760192871094,3,3,0
2019-02-14T10:55:16.521Z,35,39.38078689575195,60.703224182128906,3,3,0
2019-02-14T10:55:21.727Z,35,39.453125,55.54248046875,3,3,0
2019-02-14T10:55:26.805Z,35,38.151039123535156,48.7344970703125,3,3,0
2019-02-14T10:55:31.892Z,35,40.79861068725586,42.94316101074219,3,3,0
2019-02-14T10:55:36.934Z,35,38.88888931274414,36.18266677856445,3,3,0
2019-02-14T10:55:42.078Z,35,37.688079833984375,37.239410400390625,3,3,0
2019-02-14T10:55:47.153Z,35,39.10590362548828,29.320261001586914,3,3,0
2019-02-14T10:55:52.672Z,35,35.8796272277832,27.34992790222168,3,3,0
2019-02-14T10:55:57.866Z,35,37.80381774902344,21.661338806152344,3,3,0
2019-02-14T10:56:03.191Z,35,36.61747741699219,23.790380477905273,3,3,0
2019-02-14T10:56:08.408Z,35,35.6336784362793,24.750394821166992,3,3,0
2019-02-14T10:56:13.927Z,35,35.82175827026367,25.171716690063477,3,3,0
2019-02-14T10:56:19.202Z,35,34.08564758300781,27.365039825439453,3,3,0
2019-02-14T10:56:24.411Z,35,34.47627258300781,29.008901596069336,3,3,0
2019-02-14T10:56:29.555Z,35,36.28472137451172,28.149812698364258,3,3,0
2019-02-14T10:56:34.728Z,35,36.313655853271484,19.820907592773438,3,3,0
2019-02-14T10:56:39.938Z,35,38.55613327026367,14.190221786499023,3,3,0
2019-02-14T10:56:45.409Z,35,36.06770706176758,13.852209091186523,3,3,0
2019-02-14T10:56:50.649Z,35,36.689815521240234,11.564952850341797,3,3,0
2019-02-14T10:56:55.780Z,35,37.57233810424805,7.832351207733154,3,3,0
2019-02-14T10:57:00.866Z,35,36.99363327026367,6.1755475997924805,3,3,0
2019-02-14T10:57:06.093Z,35,36.2702522277832,5.295989036560059,3,3,0
2019-02-14T10:57:11.379Z,35,36.183448791503906,0.018988363444805145,3,3,0
2019-02-14T10:57:16.715Z,35,37.138309478759766,0.6491290330886841,3,3,0
2019-02-14T10:57:22.095Z,35,36.313655853271484,0,3,3,0
2019-02-14T10:57:27.173Z,35,37.659141540527344,0,3,3,0
2019-02-14T10:57:32.445Z,35,35.38772964477539,0,3,3,0
2019-02-14T10:57:37.694Z,35,36.84895706176758,0,3,3,0
2019-02-14T10:57:42.944Z,35,35.706016540527344,0,3,3,0
2019-02-14T10:57:48.289Z,35,37.32638931274414,0,3,3,0
2019-02-14T10:57:53.382Z,35,36.71875,0,3,3,0
2019-02-14T10:57:58.649Z,35,36.921295166015625,0,3,3,0
2019-02-14T10:58:04.013Z,35,36.747684478759766,0,3,3,0
2019-02-14T10:58:09.401Z,35,37.32638931274414,0,3,3,0
2019-02-14T10:58:14.492Z,35,36.64641189575195,0,3,3,0
2019-02-14T10:58:19.714Z,35,36.71875,0,3,3,0
2019-02-14T10:58:24.975Z,35,36.82002258300781,0,3,3,0
2019-02-14T10:58:30.459Z,35,35.83622741699219,0,3,3,0
2019-02-14T10:58:35.638Z,35,34.15798568725586,1.8305206298828125,3,3,0
2019-02-14T10:58:40.921Z,35,33.058448791503906,6.558813095092773,3,3,0
2019-02-14T10:58:46.203Z,35,33.9265022277832,10.250164031982422,3,3,0
2019-02-14T10:58:51.695Z,35,32.91377258300781,9.842830657958984,3,3,0
2019-02-14T10:58:56.912Z,35,34.765625,10.243139266967773,3,3,0
2019-02-14T10:59:02.249Z,35,33.46354293823242,15.329174995422363,3,3,0
2019-02-14T10:59:07.310Z,35,34.64988327026367,16.132448196411133,3,3,0
2019-02-14T10:59:12.788Z,35,34.534141540527344,17.9896240234375,3,3,0
2019-02-14T10:59:18.233Z,35,32.566551208496094,23.461217880249023,3,3,0
2019-02-14T10:59:23.420Z,35,33.60821533203125,25.602018356323242,3,3,0
2019-02-14T10:59:28.773Z,35,33.449073791503906,25.48578643798828,3,3,0
2019-02-14T10:59:34.103Z,35,32.65335464477539,31.08727264404297,3,3,0
2019-02-14T10:59:39.457Z,35,37.268516540527344,18.2899112701416,3,3,0
2019-02-14T10:59:44.533Z,35,37.84722137451172,16.902210235595703,3,3,0
2019-02-14T10:59:49.659Z,35,36.2702522277832,14.444941520690918,3,3,0
2019-02-14T10:59:54.792Z,35,37.22511672973633,11.455644607543945,3,3,0
2019-02-14T11:00:00.116Z,35,36.55960464477539,10.42062759399414,3,3,0
2019-02-14T11:00:05.277Z,35,36.99363327026367,6.670299053192139,3,3,0
2019-02-14T11:00:10.376Z,35,36.21238327026367,3.2679619789123535,3,3,0
2019-02-14T11:00:15.761Z,35,36.77661895751953,0.966648519039154,3,3,0
2019-02-14T11:00:21.052Z,35,37.688079833984375,0,3,3,0
2019-02-14T11:00:26.478Z,35,37.00810241699219,0,3,3,0
2019-02-14T11:00:32.225Z,35,36.97916793823242,0,3,3,0
2019-02-14T11:00:37.316Z,35,36.82002258300781,0,3,3,0
2019-02-14T11:00:42.422Z,35,37.702545166015625,0,3,3,0
2019-02-14T11:00:47.479Z,35,37.861690521240234,0,3,3,0
2019-02-14T11:00:52.604Z,35,36.530670166015625,0,3,3,0
2019-02-14T11:00:57.679Z,35,37.77488327026367,0,3,3,0
2019-02-14T11:01:02.728Z,35,37.73147964477539,0,3,3,0
2019-02-14T11:01:07.897Z,35,36.16897964477539,0,3,3,0
2019-02-14T11:01:12.984Z,35,37.138309478759766,0,3,3,0
2019-02-14T11:01:18.012Z,35,37.54340362548828,0,3,3,0
2019-02-14T11:01:23.189Z,35,38.136573791503906,0,3,3,0
2019-02-14T11:01:28.348Z,35,37.5,0,3,3,0
2019-02-14T11:01:33.592Z,35,37.138309478759766,0,3,3,0
2019-02-14T11:01:38.667Z,35,36.93576431274414,0,3,3,0
2019-02-14T11:01:43.772Z,35,38.310184478759766,0,3,3,0
2019-02-14T11:01:48.833Z,35,37.99189758300781,0,3,3,0
2019-02-14T11:01:54.468Z,35,36.21238327026367,0,3,3,0
2019-02-14T11:01:59.566Z,35,37.06597137451172,0,3,3,0
2019-02-14T11:02:04.726Z,35,37.57233810424805,0,3,3,0
2019-02-14T11:02:10.151Z,35,37.702545166015625,0,3,3,0
2019-02-14T11:02:15.878Z,35,37.73147964477539,0,3,3,0
2019-02-14T11:02:21.012Z,35,37.63020706176758,0,3,3,0
2019-02-14T11:02:26.213Z,35,36.82002258300781,0,3,3,0
2019-02-14T11:02:31.390Z,35,37.76041793823242,0,3,3,0
2019-02-14T11:02:36.448Z,35,36.83449172973633,0,3,3,0
2019-02-14T11:02:42.048Z,35,36.40046310424805,0,3,3,0
2019-02-14T11:02:47.234Z,35,38.266780853271484,0,3,3,0
2019-02-14T11:02:52.862Z,35,37.268516540527344,0,3,3,0
2019-02-14T11:02:57.997Z,35,36.40046310424805,0.063285231590271,3,3,0
2019-02-14T11:03:03.222Z,35,37.109375,0,3,3,0
2019-02-14T11:03:08.866Z,35,36.704280853271484,0,3,3,0
2019-02-14T11:03:14.091Z,35,36.77661895751953,0,3,3,0
2019-02-14T11:03:19.255Z,35,36.55960464477539,0,3,3,0
2019-02-14T11:03:24.476Z,35,37.41319274902344,0,3,3,0
2019-02-14T11:03:29.673Z,35,37.1961784362793,0,3,3,0
2019-02-14T11:03:35.333Z,35,37.03703689575195,0,3,3,0
2019-02-14T11:03:40.475Z,35,37.80381774902344,0,3,3,0
2019-02-14T11:03:45.789Z,35,36.16897964477539,0,3,3,0
2019-02-14T11:03:51.067Z,35,38.20891189575195,0,3,3,0
2019-02-14T11:03:56.425Z,35,36.50173568725586,0,3,3,0
2019-02-14T11:04:02.152Z,35,36.747684478759766,0,3,3,0
2019-02-14T11:04:07.399Z,35,37.84722137451172,0,3,3,0
2019-02-14T11:04:12.728Z,39,37.355323791503906,1.2802785634994507,3,3,0
2019-02-14T11:04:18.484Z,39,37.109375,2.847665786743164,3,3,0
2019-02-14T11:04:24.300Z,39,36.64641189575195,4.083399295806885,3,3,0
2019-02-14T11:04:29.582Z,39,36.97916793823242,5.718861103057861,3,3,0
2019-02-14T11:04:34.967Z,39,37.80381774902344,10.96259880065918,3,3,0
2019-02-14T11:04:40.256Z,39,38.19444274902344,10.379395484924316,3,3,0
2019-02-14T11:04:45.748Z,39,37.32638931274414,11.597492218017578,3,3,0
2019-02-14T11:04:51.128Z,39,37.876155853271484,14.989729881286621,3,3,0
2019-02-14T11:04:56.484Z,39,38.84548568725586,18.01404571533203,3,3,0
2019-02-14T11:05:01.898Z,39,36.84895706176758,19.128320693969727,3,3,0
2019-02-14T11:05:07.296Z,39,37.21064758300781,23.122066497802734,3,3,0
2019-02-14T11:05:12.689Z,39,36.84895706176758,25.836408615112305,3,3,0
2019-02-14T11:05:18.057Z,39,36.863426208496094,27.61806297302246,3,3,0
2019-02-14T11:05:23.421Z,39,37.71701431274414,27.459815979003906,3,3,0
2019-02-14T11:05:28.846Z,39,37.268516540527344,30.74350357055664,3,3,0
2019-02-14T11:05:34.189Z,39,36.2702522277832,36.05457305908203,3,3,0
2019-02-14T11:05:39.732Z,39,35.4890022277832,34.48604202270508,3,3,0
2019-02-14T11:05:45.164Z,39,36.67534637451172,41.30970764160156,3,3,0
2019-02-14T11:05:50.631Z,39,38.38252258300781,41.56343460083008,3,3,0
2019-02-14T11:05:56.144Z,39,38.57060241699219,41.637149810791016,3,3,0
2019-02-14T11:06:01.638Z,39,38.23784637451172,44.89622497558594,3,3,0
2019-02-14T11:06:06.741Z,39,37.77488327026367,45.56423568725586,3,3,0
2019-02-14T11:06:12.204Z,39,37.39872741699219,47.5649299621582,3,3,0
2019-02-14T11:06:17.644Z,39,38.527198791503906,49.472434997558594,3,3,0
2019-02-14T11:06:23.114Z,39,37.12384033203125,50.826454162597656,3,3,0
2019-02-14T11:06:28.602Z,39,37.9774284362793,51.626808166503906,3,3,0
2019-02-14T11:06:33.634Z,39,38.425926208496094,55.84232711791992,3,3,0
2019-02-14T11:06:38.681Z,39,37.5,57.99141311645508,3,3,0
2019-02-14T11:06:43.861Z,39,36.574073791503906,60.243953704833984,3,3,0
2019-02-14T11:06:48.930Z,39,37.702545166015625,61.744171142578125,3,3,0
2019-02-14T11:06:53.954Z,39,35.6336784362793,60.52771759033203,3,3,0
2019-02-14T11:06:59.516Z,39,37.861690521240234,65.15619659423828,3,3,0
2019-02-14T11:07:05.042Z,39,36.71875,67.47927856445312,3,3,0
2019-02-14T11:07:10.336Z,39,37.57233810424805,68.68971252441406,3,3,0
2019-02-14T11:07:15.390Z,39,38.049766540527344,69.72257995605469,3,3,0
2019-02-14T11:07:20.442Z,39,38.425926208496094,73.31631469726562,3,3,0
2019-02-14T11:07:26.072Z,39,38.02083206176758,73.29130554199219,3,3,0
2019-02-14T11:07:31.697Z,39,38.700809478759766,76.53369140625,3,3,0
2019-02-14T11:07:37.290Z,39,38.77314758300781,78.90922546386719,3,3,0
2019-02-14T11:07:42.770Z,39,38.77314758300781,80.08492279052734,3,3,0
2019-02-14T11:07:48.246Z,39,38.62847137451172,84.25617218017578,3,3,0
2019-02-14T11:07:53.397Z,39,35.82175827026367,83.4267578125,3,3,0
2019-02-14T11:07:58.579Z,39,37.42766189575195,86.48441314697266,3,3,0
2019-02-14T11:08:04.254Z,39,37.54340362548828,90.61851501464844,3,3,0
2019-02-14T11:08:10.042Z,39,37.03703689575195,91.26795959472656,3,3,0
2019-02-14T11:08:15.739Z,39,37.485530853271484,93.7428970336914,3,3,0
2019-02-14T11:08:21.487Z,39,36.71875,94.82708740234375,3,3,0
2019-02-14T11:08:27.221Z,39,36.964698791503906,95.19412994384766,3,3,0
2019-02-14T11:08:32.857Z,39,37.55786895751953,97.79527282714844,3,3,0
2019-02-14T11:08:38.559Z,39,37.99189758300781,100,3,3,0
2019-02-14T11:08:44.191Z,39,37.63020706176758,100,3,3,0
2019-02-14T11:08:49.843Z,39,38.151039123535156,100,3,3,0
2019-02-14T11:08:55.552Z,39,38.151039123535156,100,3,3,0
2019-02-14T11:09:01.202Z,39,37.5,100,3,3,0
2019-02-14T11:09:06.603Z,39,37.41319274902344,100,3,3,0
2019-02-14T11:09:11.747Z,39,37.41319274902344,100,3,3,0
2019-02-14T11:09:17.416Z,39,37.84722137451172,100,3,3,0
2019-02-14T11:09:23.147Z,39,37.9774284362793,100,3,3,0
2019-02-14T11:09:28.842Z,39,38.874420166015625,100,3,3,0
2019-02-14T11:09:34.592Z,39,39.221641540527344,100,3,3,0
2019-02-14T11:09:40.247Z,39,37.76041793823242,100,3,3,0
2019-02-14T11:09:45.962Z,39,37.00810241699219,100,3,3,0
2019-02-14T11:09:51.632Z,39,37.080440521240234,100,3,3,0
2019-02-14T11:09:57.386Z,39,36.97916793823242,100,3,3,0
2019-02-14T11:10:03.187Z,39,37.41319274902344,100,3,3,0
2019-02-14T11:10:08.880Z,39,37.688079833984375,100,3,3,0
2019-02-14T11:10:14.655Z,39,38.28125,100,3,3,0
2019-02-14T11:10:20.074Z,39,38.483795166015625,100,3,3,0
2019-02-14T11:10:25.339Z,39,37.61574172973633,100,3,3,0
2019-02-14T11:10:30.580Z,39,38.151039123535156,100,3,3,0
2019-02-14T11:10:36.340Z,39,38.657405853271484,100,3,3,0
2019-02-14T11:10:42.175Z,39,37.32638931274414,100,3,3,0
2019-02-14T11:10:47.890Z,39,36.71875,100,3,3,0
2019-02-14T11:10:52.983Z,39,37.8327522277832,100,3,3,0
2019-02-14T11:10:58.271Z,39,37.90509033203125,100,3,3,0
2019-02-14T11:11:03.278Z,39,37.297454833984375,100,3,3,0
2019-02-14T11:11:08.574Z,39,37.485530853271484,100,3,3,0
2019-02-14T11:11:13.851Z,39,36.84895706176758,100,3,3,0
2019-02-14T11:11:18.887Z,39,38.093170166015625,100,3,3,0
2019-02-14T11:11:24.304Z,39,36.574073791503906,100,3,3,0
2019-02-14T11:11:30.183Z,39,36.76215362548828,100,3,3,0
2019-02-14T11:11:35.184Z,39,38.136573791503906,100,3,3,0
2019-02-14T11:11:40.554Z,39,37.55786895751953,100,3,3,0
2019-02-14T11:11:45.941Z,39,37.919559478759766,100,3,3,0
2019-02-14T11:11:50.954Z,39,38.16550827026367,100,3,3,0
2019-02-14T11:11:56.394Z,39,37.644676208496094,100,3,3,0
2019-02-14T11:12:01.794Z,39,36.28472137451172,100,3,3,0
2019-02-14T11:12:06.893Z,39,37.90509033203125,100,3,3,0
2019-02-14T11:12:12.367Z,39,38.2233772277832,100,3,3,0
2019-02-14T11:12:17.681Z,39,37.41319274902344,100,3,3,0
2019-02-14T11:12:22.932Z,39,38.78761672973633,100,3,3,0
2019-02-14T11:12:28.355Z,39,37.34085464477539,100,3,3,0
2019-02-14T11:12:33.819Z,39,38.049766540527344,100,3,3,0
2019-02-14T11:12:38.996Z,39,38.38252258300781,100,3,3,0
2019-02-14T11:12:44.504Z,39,38.00636672973633,100,3,3,0
2019-02-14T11:12:50.008Z,39,39.16377258300781,100,3,3,0
2019-02-14T11:12:55.210Z,39,36.704280853271484,100,3,3,0
2019-02-14T11:13:00.746Z,39,36.89236068725586,100,3,3,0
2019-02-14T11:13:06.337Z,39,38.3680534362793,100,3,3,0
2019-02-14T11:13:11.480Z,39,38.45486068725586,100,3,3,0
2019-02-14T11:13:17.050Z,39,38.671875,100,3,3,0
2019-02-14T11:13:22.609Z,39,38.527198791503906,100,3,3,0
2019-02-14T11:13:27.825Z,39,38.657405853271484,100,3,3,0
2019-02-14T11:13:32.827Z,39,38.19444274902344,100,3,3,0
2019-02-14T11:13:38.054Z,39,38.57060241699219,98.43270874023438,3,3,0
2019-02-14T11:13:43.105Z,39,37.54340362548828,100,3,3,0
2019-02-14T11:13:48.320Z,39,36.99363327026367,100,3,3,0
2019-02-14T11:13:53.847Z,39,37.138309478759766,100,3,3,0
2019-02-14T11:13:59.315Z,39,37.32638931274414,100,3,3,0
2019-02-14T11:14:04.648Z,39,36.689815521240234,100,3,3,0
2019-02-14T11:14:09.648Z,39,37.109375,100,3,3,0
2019-02-14T11:14:14.907Z,39,37.485530853271484,100,3,3,0
2019-02-14T11:14:20.481Z,39,37.57233810424805,100,3,3,0
2019-02-14T11:14:26.078Z,39,37.77488327026367,100,3,3,0
2019-02-14T11:14:31.303Z,39,37.36979293823242,100,3,3,0
2019-02-14T11:14:36.349Z,39,38.657405853271484,100,3,3,0
2019-02-14T11:14:41.622Z,39,37.63020706176758,100,3,3,0
2019-02-14T11:14:46.624Z,39,38.440391540527344,100,3,3,0
2019-02-14T11:14:51.943Z,39,38.049766540527344,100,3,3,0
2019-02-14T11:14:56.990Z,39,38.55613327026367,100,3,3,0
2019-02-14T11:15:02.274Z,39,37.659141540527344,100,3,3,0
2019-02-14T11:15:07.322Z,39,35.8796272277832,100,3,3,0
2019-02-14T11:15:12.669Z,39,36.34259033203125,100,3,3,0
2019-02-14T11:15:17.781Z,39,36.60300827026367,100,3,3,0
2019-02-14T11:15:23.290Z,39,37.51446533203125,100,3,3,0
2019-02-14T11:15:28.438Z,39,37.99189758300781,100,3,3,0
2019-02-14T11:15:33.828Z,39,37.71701431274414,100,3,3,0
2019-02-14T11:15:38.838Z,39,37.00810241699219,100,3,3,0
2019-02-14T11:15:44.382Z,39,37.8327522277832,100,3,3,0
2019-02-14T11:15:49.555Z,39,37.94849395751953,100,3,3,0
2019-02-14T11:15:54.902Z,39,38.049766540527344,100,3,3,0
2019-02-14T11:16:00.047Z,39,34.59201431274414,100,3,3,0
2019-02-14T11:16:05.427Z,39,34.794559478759766,100,3,3,0
2019-02-14T11:16:10.609Z,39,33.752891540527344,100,3,3,0
2019-02-14T11:16:16.012Z,39,34.66435241699219,100,3,3,0
2019-02-14T11:16:21.247Z,39,34.403934478759766,100,3,3,0
2019-02-14T11:16:26.645Z,39,33.94097137451172,100,3,3,0
2019-02-14T11:16:31.872Z,39,34.43286895751953,100,3,3,0
2019-02-14T11:16:37.327Z,39,34.59201431274414,100,3,3,0
2019-02-14T11:16:42.605Z,39,33.752891540527344,100,3,3,0
2019-02-14T11:16:48.063Z,39,33.52141189575195,100,3,3,0
2019-02-14T11:16:53.332Z,39,34.43286895751953,100,3,3,0
2019-02-14T11:16:58.818Z,39,37.22511672973633,100,3,3,0
2019-02-14T11:17:04.142Z,39,36.50173568725586,100,3,3,0
2019-02-14T11:17:09.654Z,39,37.99189758300781,100,3,3,0
2019-02-14T11:17:15.024Z,39,38.917823791503906,100,3,3,0
2019-02-14T11:17:20.615Z,39,37.28298568725586,100,3,3,0
2019-02-14T11:17:25.957Z,39,36.704280853271484,100,3,3,0
2019-02-14T11:17:30.972Z,39,37.42766189575195,100,3,3,0
2019-02-14T11:17:36.897Z,39,37.32638931274414,100,3,3,0
2019-02-14T11:17:41.926Z,39,36.67534637451172,100,3,3,0
2019-02-14T11:17:46.932Z,39,37.109375,100,3,3,0
2019-02-14T11:17:52.382Z,39,37.41319274902344,100,3,3,0
2019-02-14T11:17:57.405Z,39,37.659141540527344,100,3,3,0
2019-02-14T11:18:02.420Z,39,38.06423568725586,100,3,3,0
2019-02-14T11:18:07.850Z,39,36.25578689575195,100,3,3,0
2019-02-14T11:18:12.863Z,39,37.06597137451172,100,3,3,0
2019-02-14T11:18:17.919Z,39,36.125579833984375,100,3,3,0
2019-02-14T11:18:23.256Z,39,37.080440521240234,100,3,3,0
2019-02-14T11:18:28.347Z,39,36.60300827026367,100,3,3,0
2019-02-14T11:18:33.501Z,39,37.51446533203125,100,3,3,0
2019-02-14T11:18:38.937Z,39,37.080440521240234,100,3,3,0
2019-02-14T11:18:44.071Z,39,37.36979293823242,100,3,3,0
2019-02-14T11:18:49.143Z,39,36.71875,100,3,3,0
2019-02-14T11:18:54.623Z,39,36.38599395751953,100,3,3,0
2019-02-14T11:18:59.721Z,39,36.79108810424805,100,3,3,0
2019-02-14T11:19:04.844Z,39,37.8327522277832,100,3,3,0
2019-02-14T11:19:10.281Z,39,37.688079833984375,100,3,3,0
2019-02-14T11:19:15.415Z,39,38.28125,100,3,3,0
2019-02-14T11:19:20.497Z,39,36.747684478759766,100,3,3,0
2019-02-14T11:19:26.050Z,39,36.689815521240234,100,3,3,0
2019-02-14T11:19:31.143Z,39,37.63020706176758,100,3,3,0
2019-02-14T11:19:36.287Z,39,36.328125,100,3,3,0
2019-02-14T11:19:41.883Z,39,36.574073791503906,100,3,3,0
2019-02-14T11:19:47.038Z,39,37.41319274902344,100,3,3,0
2019-02-14T11:19:52.194Z,39,36.60300827026367,100,3,3,0
2019-02-14T11:19:57.745Z,39,36.97916793823242,100,3,3,0
2019-02-14T11:20:02.970Z,39,36.574073791503906,100,3,3,0
2019-02-14T11:20:08.209Z,39,37.5,100,3,3,0
2019-02-14T11:20:13.737Z,39,36.096641540527344,100,3,3,0
2019-02-14T11:20:18.976Z,39,37.0515022277832,100,3,3,0
2019-02-14T11:20:24.139Z,39,37.06597137451172,100,3,3,0
2019-02-14T11:20:29.660Z,39,37.51446533203125,100,3,3,0
2019-02-14T11:20:34.926Z,39,37.471065521240234,100,3,3,0
2019-02-14T11:20:40.171Z,39,37.34085464477539,100,3,3,0
2019-02-14T11:20:45.841Z,39,37.080440521240234,100,3,3,0
2019-02-14T11:20:51.031Z,39,36.530670166015625,100,3,3,0
2019-02-14T11:20:56.291Z,39,38.12210464477539,100,3,3,0
2019-02-14T11:21:02.097Z,39,37.63020706176758,100,3,3,0
2019-02-14T11:21:07.368Z,39,37.21064758300781,100,3,3,0
2019-02-14T11:21:51.775Z,39,37.18171310424805,100,3,3,0
2019-02-14T11:21:57.143Z,39,38.77314758300781,100,3,3,0
2019-02-14T11:22:02.815Z,39,35.966434478759766,100,3,3,0
2019-02-14T11:22:08.077Z,39,35.83622741699219,100,3,3,0
2019-02-14T11:22:13.407Z,39,37.15277862548828,100,3,3,0
2019-02-14T11:22:19.037Z,39,37.688079833984375,100,3,3,0
2019-02-14T11:22:24.390Z,39,37.36979293823242,100,3,3,0
2019-02-14T11:22:29.639Z,39,37.18171310424805,100,3,3,0
2019-02-14T11:22:35.356Z,39,36.79108810424805,100,3,3,0
2019-02-14T11:22:40.608Z,39,37.61574172973633,100,3,3,0
2019-02-14T11:23:18.733Z,39,36.530670166015625,100,3,3,0
2019-02-14T11:23:24.002Z,36,37.34085464477539,100,3,3,0
2019-02-14T11:24:17.095Z,36,37.32638931274414,100,3,3,0
2019-02-14T11:26:17.403Z,36,37.4421272277832,47.48519515991211,3,3,0
2019-02-14T11:26:22.406Z,36,37.109375,43.85783386230469,3,3,0
2019-02-14T11:26:27.410Z,36,36.704280853271484,42.622711181640625,3,3,0
2019-02-14T11:26:32.415Z,36,38.45486068725586,39.936466217041016,3,3,0
2019-02-14T11:26:37.450Z,36,37.73147964477539,40.19777297973633,3,3,0
2019-02-14T11:26:42.951Z,36,38.266780853271484,36.456573486328125,3,3,0
2019-02-14T11:26:48.043Z,36,36.328125,35.12126922607422,3,3,0
2019-02-14T11:26:53.060Z,36,37.61574172973633,34.34695816040039,3,3,0
2019-02-14T11:26:58.563Z,36,36.183448791503906,32.079193115234375,3,3,0
2019-02-14T11:27:03.571Z,36,38.20891189575195,27.480316162109375,3,3,0
2019-02-14T11:27:08.588Z,36,38.20891189575195,28.17450714111328,3,3,0
2019-02-14T11:27:13.604Z,36,36.97916793823242,27.16473388671875,3,3,0
2019-02-14T11:27:18.606Z,36,36.97916793823242,23.356510162353516,3,3,0
2019-02-14T11:27:23.610Z,36,37.1961784362793,24.266983032226562,3,3,0
2019-02-14T11:27:29.097Z,36,37.268516540527344,20.26495933532715,3,3,0
2019-02-14T11:27:34.122Z,36,37.1961784362793,19.22664451599121,3,3,0
2019-02-14T11:27:39.131Z,36,38.136573791503906,17.38135528564453,3,3,0
2019-02-14T11:27:44.611Z,36,37.54340362548828,12.224045753479004,3,3,0
2019-02-14T11:27:49.625Z,36,37.9774284362793,13.77902889251709,3,3,0
2019-02-14T11:27:54.649Z,36,36.71875,12.01295280456543,3,3,0
2019-02-14T11:27:59.662Z,36,37.355323791503906,11.665441513061523,3,3,0
2019-02-14T11:28:05.147Z,36,36.71875,8.761157035827637,3,3,0
2019-02-14T11:28:10.182Z,36,38.151039123535156,7.57413911819458,3,3,0
2019-02-14T11:28:15.189Z,36,37.55786895751953,6.057662487030029,3,3,0
2019-02-14T11:28:20.667Z,36,37.702545166015625,1.1426451206207275,3,3,0
2019-02-14T11:28:25.684Z,36,37.18171310424805,1.2888199090957642,3,3,0
2019-02-14T11:28:30.693Z,36,37.00810241699219,0,3,3,0
2019-02-14T11:28:36.206Z,36,38.266780853271484,0,3,3,0
2019-02-14T11:28:41.218Z,36,37.8327522277832,0,3,3,0
2019-02-14T11:28:46.232Z,36,37.1961784362793,0,3,3,0
2019-02-14T11:28:51.710Z,36,37.138309478759766,0,3,3,0
2019-02-14T11:28:56.745Z,36,38.2233772277832,0,3,3,0
2019-02-14T11:29:01.757Z,36,37.21064758300781,0,3,3,0
2019-02-14T11:29:07.234Z,36,37.688079833984375,0,3,3,0
2019-02-14T11:29:12.273Z,36,36.964698791503906,0.050848349928855896,3,3,0
2019-02-14T11:29:17.275Z,36,37.94849395751953,0,3,3,0
2019-02-14T11:29:22.755Z,36,37.471065521240234,0,3,3,0
2019-02-14T11:29:27.771Z,36,38.49826431274414,0,3,3,0
2019-02-14T11:29:33.274Z,36,37.84722137451172,0,3,3,0
2019-02-14T11:29:38.777Z,36,37.485530853271484,0,3,3,0
2019-02-14T11:29:43.795Z,36,37.99189758300781,0,3,3,0
2019-02-14T11:29:48.814Z,36,37.80381774902344,0,3,3,0
2019-02-14T11:29:54.320Z,36,39.0046272277832,0,3,3,0
2019-02-14T11:29:59.321Z,36,37.57233810424805,0,3,3,0
2019-02-14T11:30:04.812Z,36,37.15277862548828,0,3,3,0
2019-02-14T11:30:09.822Z,36,37.919559478759766,0,3,3,0
2019-02-14T11:30:14.829Z,36,36.472801208496094,0,3,3,0
2019-02-14T11:30:19.872Z,36,37.54340362548828,0,3,3,0
2019-02-14T11:30:25.347Z,36,36.472801208496094,0,3,3,0
2019-02-14T11:30:30.848Z,36,36.60300827026367,0,3,3,0
2019-02-14T11:30:35.867Z,36,36.921295166015625,0,3,3,0
2019-02-14T11:30:40.881Z,36,37.471065521240234,0,3,3,0
2019-02-14T11:30:45.887Z,36,37.73147964477539,0,3,3,0
2019-02-14T11:30:50.897Z,36,37.18171310424805,0,3,3,0
2019-02-14T11:30:55.910Z,36,35.80729293823242,0,3,3,0
2019-02-14T11:31:01.403Z,36,37.109375,0,3,3,0
2019-02-14T11:31:06.405Z,36,36.964698791503906,0,3,3,0
2019-02-14T11:31:11.433Z,36,36.40046310424805,0,3,3,0
2019-02-14T11:31:16.936Z,36,36.45833206176758,0,3,3,0
2019-02-14T11:31:21.943Z,36,36.50173568725586,0,3,3,0
2019-02-14T11:31:27.450Z,36,36.67534637451172,0,3,3,0
2019-02-14T11:31:32.951Z,36,38.093170166015625,0,3,3,0
2019-02-14T11:31:37.963Z,36,36.328125,0,3,3,0
2019-02-14T11:31:43.480Z,36,37.00810241699219,0,3,3,0
2019-02-14T11:31:48.492Z,36,37.297454833984375,0,3,3,0
2019-02-14T11:31:53.493Z,36,36.921295166015625,0,3,3,0
2019-02-14T11:31:58.992Z,36,37.471065521240234,0,3,3,0
2019-02-14T11:32:04.016Z,36,36.97916793823242,0,3,3,0
2019-02-14T11:32:09.506Z,36,36.25578689575195,0,3,3,0
2019-02-14T11:32:15.016Z,36,37.688079833984375,0,3,3,0
2019-02-14T11:32:20.040Z,36,36.38599395751953,0,3,3,0
2019-02-14T11:32:25.551Z,36,37.1961784362793,0.07976233959197998,3,3,0
2019-02-14T11:32:31.029Z,36,37.80381774902344,0,3,3,0
2019-02-14T11:32:36.036Z,36,37.1961784362793,0,3,3,0
2019-02-14T11:32:41.074Z,36,36.76215362548828,0.9923721551895142,3,3,0
2019-02-14T11:32:46.547Z,36,36.0243034362793,0,3,3,0
2019-02-14T11:32:51.586Z,36,37.12384033203125,0,3,3,0
2019-02-14T11:32:57.063Z,36,37.080440521240234,0,3,3,0
2019-02-14T11:33:02.069Z,36,36.79108810424805,0,3,3,0
2019-02-14T11:33:07.099Z,36,37.77488327026367,0,3,3,0
2019-02-14T11:33:12.607Z,36,37.5,0,3,3,0
2019-02-14T11:33:17.622Z,36,37.861690521240234,0,3,3,0
2019-02-14T11:33:22.626Z,36,37.32638931274414,0,3,3,0
2019-02-14T11:33:28.107Z,36,37.63020706176758,0,3,3,0
2019-02-14T11:33:33.126Z,36,36.63194274902344,0,3,3,0
2019-02-14T11:33:38.138Z,36,36.183448791503906,0,3,3,0
2019-02-14T11:33:43.144Z,36,36.487266540527344,0,3,3,0
2019-02-14T11:33:48.145Z,36,37.109375,0,3,3,0
2019-02-14T11:33:53.645Z,36,37.080440521240234,0,3,3,0
2019-02-14T11:33:58.669Z,36,36.61747741699219,0,3,3,0
2019-02-14T11:34:03.691Z,36,37.15277862548828,0,3,3,0
2019-02-14T11:34:08.692Z,36,37.1961784362793,0,3,3,0
2019-02-14T11:34:13.697Z,36,38.049766540527344,0,3,3,0
2019-02-14T11:34:19.185Z,36,37.76041793823242,0,3,3,0
2019-02-14T11:34:24.703Z,36,35.923030853271484,0,3,3,0
2019-02-14T11:34:30.198Z,36,35.82175827026367,0,3,3,0
2019-02-14T11:34:35.210Z,36,36.63194274902344,0,3,3,0
2019-02-14T11:34:40.224Z,36,37.109375,0,3,3,0
2019-02-14T11:34:45.703Z,36,37.28298568725586,0,3,3,0
2019-02-14T11:34:50.724Z,36,37.861690521240234,0,3,3,0
2019-02-14T11:34:55.734Z,36,37.54340362548828,0,3,3,0
2019-02-14T11:35:00.747Z,36,36.863426208496094,0,3,3,0
2019-02-14T11:35:06.235Z,36,37.00810241699219,0,3,3,0
2019-02-14T11:35:11.265Z,36,37.659141540527344,0,3,3,0
2019-02-14T11:35:16.749Z,36,38.28125,0,3,3,0
2019-02-14T11:35:21.785Z,36,36.313655853271484,0,3,3,0
2019-02-14T11:35:27.281Z,36,37.5,0,3,3,0
2019-02-14T11:35:32.777Z,36,37.702545166015625,0,3,3,0
2019-02-14T11:35:37.781Z,36,37.15277862548828,0,3,3,0
2019-02-14T11:35:42.792Z,36,36.38599395751953,0,3,3,0
2019-02-14T11:35:47.814Z,36,36.64641189575195,0,3,3,0
2019-02-14T11:35:52.819Z,36,36.61747741699219,0,3,3,0
2019-02-14T11:35:57.830Z,36,37.355323791503906,0,3,3,0
2019-02-14T11:36:03.313Z,36,36.921295166015625,0,3,3,0
2019-02-14T11:36:08.322Z,36,37.51446533203125,0,3,3,0
2019-02-14T11:36:13.346Z,36,37.485530853271484,0,3,3,0
2019-02-14T11:36:18.916Z,36,37.34085464477539,0,3,3,0
2019-02-14T11:36:24.355Z,36,38.49826431274414,0,3,3,0
2019-02-14T11:36:29.865Z,36,37.94849395751953,0,3,3,0
2019-02-14T11:36:35.368Z,36,36.530670166015625,0,3,3,0
2019-02-14T11:36:40.870Z,36,36.530670166015625,0,3,3,0
2019-02-14T11:36:45.879Z,36,36.82002258300781,0,3,3,0
2019-02-14T11:36:51.372Z,36,36.63194274902344,0,3,3,0
2019-02-14T11:36:56.384Z,36,37.471065521240234,0,3,3,0
2019-02-14T11:37:01.386Z,36,37.080440521240234,0,3,3,0
2019-02-14T11:37:06.410Z,36,36.79108810424805,0,3,3,0
2019-02-14T11:37:11.903Z,36,37.54340362548828,0,3,3,0
2019-02-14T11:37:17.427Z,36,38.671875,0,3,3,0
2019-02-14T11:37:22.437Z,36,37.78935241699219,0,3,3,0
2019-02-14T11:37:27.920Z,36,37.9774284362793,0,3,3,0
2019-02-14T11:37:32.923Z,36,37.71701431274414,0,3,3,0
2019-02-14T11:37:37.943Z,36,36.77661895751953,0,3,3,0
2019-02-14T11:37:43.451Z,36,36.747684478759766,0,3,3,0
2019-02-14T11:37:48.959Z,36,36.574073791503906,0,3,3,0
2019-02-14T11:37:54.444Z,36,36.61747741699219,0,3,3,0
2019-02-14T11:37:59.450Z,36,36.689815521240234,0,3,3,0
2019-02-14T11:38:05.034Z,36,37.0515022277832,0,3,3,0
2019-02-14T11:38:10.452Z,36,36.689815521240234,0,3,3,0
2019-02-14T11:38:15.466Z,36,37.268516540527344,0,3,3,0
2019-02-14T11:38:20.468Z,36,37.54340362548828,0,3,3,0
2019-02-14T11:38:25.482Z,36,38.310184478759766,0,3,3,0
2019-02-14T11:38:30.983Z,36,37.57233810424805,0,3,3,0
2019-02-14T11:38:35.999Z,36,37.39872741699219,0,3,3,0
2019-02-14T11:38:41.024Z,36,36.89236068725586,0,3,3,0
2019-02-14T11:38:46.490Z,36,37.297454833984375,0,3,3,0
2019-02-14T11:38:51.510Z,36,37.297454833984375,0,3,3,0
2019-02-14T11:38:56.523Z,36,36.34259033203125,0,3,3,0
2019-02-14T11:39:01.524Z,36,36.921295166015625,0,3,3,0
2019-02-14T11:39:06.528Z,36,38.917823791503906,0,3,3,0
2019-02-14T11:39:12.042Z,36,37.77488327026367,0,3,3,0
2019-02-14T11:39:17.049Z,36,37.34085464477539,0,3,3,0
2019-02-14T11:39:22.550Z,36,37.77488327026367,0,3,3,0
2019-02-14T11:39:27.562Z,36,37.9774284362793,0,3,3,0
2019-02-14T11:39:32.565Z,36,37.42766189575195,0,3,3,0
2019-02-14T11:39:37.565Z,36,37.28298568725586,0,3,3,0
2019-02-14T11:39:42.571Z,36,36.863426208496094,0,3,3,0
2019-02-14T11:39:48.049Z,36,36.28472137451172,0,3,3,0
2019-02-14T11:39:53.112Z,36,37.61574172973633,0,3,3,0
2019-02-14T11:39:58.577Z,36,37.42766189575195,0,3,3,0
2019-02-14T11:40:03.602Z,36,37.688079833984375,0,3,3,0
2019-02-14T11:40:08.609Z,36,35.315391540527344,0,3,3,0
2019-02-14T11:40:14.090Z,36,37.90509033203125,0,3,3,0
2019-02-14T11:40:19.604Z,36,37.9774284362793,0,3,3,0
2019-02-14T11:40:24.607Z,36,36.34259033203125,0,3,3,0
2019-02-14T11:40:29.631Z,36,36.313655853271484,0,3,3,0
2019-02-14T11:40:34.647Z,36,37.268516540527344,0,3,3,0
2019-02-14T11:40:40.123Z,36,37.00810241699219,0,3,3,0
2019-02-14T11:40:45.240Z,36,37.55786895751953,0,3,3,0
2019-02-14T11:40:50.653Z,36,37.94849395751953,0,3,3,0
2019-02-14T11:40:55.735Z,36,37.9774284362793,0,3,3,0
2019-02-14T11:41:01.190Z,36,38.49826431274414,0,3,3,0
2019-02-14T11:41:06.649Z,36,37.32638931274414,0,3,3,0
2019-02-14T11:41:11.667Z,36,39.438655853271484,0,3,3,0
2019-02-14T11:41:17.196Z,36,36.921295166015625,0,3,3,0
2019-02-14T11:41:22.669Z,36,36.140045166015625,0,3,3,0
2019-02-14T11:41:27.670Z,36,37.15277862548828,0,3,3,0
2019-02-14T11:41:32.713Z,36,37.80381774902344,0,3,3,0
2019-02-14T11:41:38.178Z,36,37.73147964477539,0,3,3,0
2019-02-14T11:41:43.210Z,36,37.22511672973633,0,3,3,0
2019-02-14T11:41:48.312Z,36,38.00636672973633,0,3,3,0
2019-02-14T11:41:53.714Z,36,38.00636672973633,0,3,3,0
2019-02-14T11:41:58.753Z,36,36.747684478759766,0,3,3,0
2019-02-14T11:42:04.242Z,36,37.73147964477539,0,3,3,0
2019-02-14T11:42:09.252Z,36,36.93576431274414,0,3,3,0
2019-02-14T11:42:14.746Z,36,37.138309478759766,0,3,3,0
2019-02-14T11:42:19.752Z,36,35.80729293823242,0,3,3,0
2019-02-14T11:42:24.785Z,36,36.34259033203125,0,3,3,0
2019-02-14T11:42:30.284Z,36,36.82002258300781,0,3,3,0
2019-02-14T11:42:35.764Z,36,37.73147964477539,0,3,3,0
2019-02-14T11:42:40.777Z,36,37.5,0,3,3,0
2019-02-14T11:42:45.780Z,36,37.03703689575195,0,3,3,0
2019-02-14T11:42:51.257Z,36,36.55960464477539,0,3,3,0
2019-02-14T11:42:56.287Z,36,36.704280853271484,0,3,3,0
2019-02-14T11:43:01.781Z,36,36.530670166015625,0,3,3,0
2019-02-14T11:43:06.806Z,36,37.688079833984375,0,3,3,0
2019-02-14T11:43:12.281Z,36,37.5,0,3,3,0
2019-02-14T11:43:17.295Z,36,37.63020706176758,0,3,3,0
2019-02-14T11:43:22.311Z,36,37.41319274902344,0,3,3,0
2019-02-14T11:43:27.791Z,36,37.297454833984375,0,3,3,0
2019-02-14T11:43:32.815Z,36,37.90509033203125,0,3,3,0
2019-02-14T11:43:37.822Z,36,37.644676208496094,0,3,3,0
2019-02-14T11:43:42.835Z,36,36.79108810424805,0,3,3,0
2019-02-14T11:43:48.315Z,36,37.00810241699219,0,3,3,0
2019-02-14T11:43:53.316Z,36,37.06597137451172,0,3,3,0
2019-02-14T11:43:58.328Z,36,37.80381774902344,0,3,3,0
2019-02-14T11:44:03.340Z,36,36.2702522277832,0,3,3,0
2019-02-14T11:44:08.354Z,36,37.18171310424805,0,3,3,0
2019-02-14T11:44:13.861Z,36,37.18171310424805,0,3,3,0
2019-02-14T11:44:18.864Z,36,37.03703689575195,0,3,3,0
2019-02-14T11:44:23.875Z,36,38.38252258300781,0,3,3,0
2019-02-14T11:44:28.884Z,36,37.76041793823242,0,3,3,0
2019-02-14T11:44:33.887Z,36,37.42766189575195,0,3,3,0
2019-02-14T11:44:38.908Z,36,36.50173568725586,0,3,3,0
2019-02-14T11:44:44.421Z,36,36.55960464477539,0,3,3,0
2019-02-14T11:44:49.895Z,36,37.9774284362793,0,3,3,0
2019-02-14T11:44:54.923Z,36,36.530670166015625,0,3,3,0
2019-02-14T11:45:00.445Z,36,36.689815521240234,0,3,3,0
2019-02-14T11:45:05.950Z,36,37.0515022277832,0,3,3,0
2019-02-14T11:45:10.959Z,36,37.39872741699219,0,3,3,0
2019-02-14T11:45:16.440Z,36,37.0515022277832,0,3,3,0
2019-02-14T11:45:21.475Z,36,37.659141540527344,0,3,3,0
2019-02-14T11:45:26.957Z,36,37.63020706176758,0,3,3,0
2019-02-14T11:45:32.651Z,36,37.03703689575195,0,3,3,0
2019-02-14T11:45:37.996Z,36,37.5,0,3,3,0
2019-02-14T11:45:43.470Z,36,34.86689758300781,4.893637180328369,3,3,0
2019-02-14T11:45:48.486Z,36,32.667823791503906,9.336166381835938,3,3,0
2019-02-14T11:45:53.512Z,36,33.1452522277832,10.715156555175781,3,3,0
2019-02-14T11:45:58.979Z,36,31.98784637451172,18.59025001525879,3,3,0
2019-02-14T11:46:04.479Z,36,33.31886672973633,21.491226196289062,3,3,0
2019-02-14T11:46:09.486Z,36,32.43634033203125,24.261274337768555,3,3,0
2019-02-14T11:46:14.492Z,36,32.55208206176758,29.97197914123535,3,3,0
2019-02-14T11:46:20.006Z,36,33.27546310424805,34.25250244140625,3,3,0
2019-02-14T11:46:25.026Z,36,33.27546310424805,33.55754089355469,3,3,0
2019-02-14T11:46:30.503Z,36,33.347801208496094,40.492889404296875,3,3,0
2019-02-14T11:46:36.024Z,36,38.093170166015625,29.247529983520508,3,3,0
2019-02-14T11:46:41.500Z,36,37.63020706176758,29.49216079711914,3,3,0
2019-02-14T11:46:46.711Z,36,37.61574172973633,29.483869552612305,3,3,0
2019-02-14T11:46:52.043Z,36,37.702545166015625,25.97083282470703,3,3,0
2019-02-14T11:46:57.526Z,36,37.77488327026367,24.291194915771484,3,3,0
2019-02-14T11:47:02.682Z,36,37.4421272277832,24.00699806213379,3,3,0
2019-02-14T11:47:08.053Z,36,37.15277862548828,22.67755889892578,3,3,0
2019-02-14T11:47:13.554Z,36,36.61747741699219,21.439186096191406,3,3,0
2019-02-14T11:47:18.695Z,36,37.297454833984375,17.863527297973633,3,3,0
2019-02-14T11:47:24.085Z,36,37.471065521240234,17.126516342163086,3,3,0
2019-02-14T11:47:29.564Z,36,36.472801208496094,16.607206344604492,3,3,0
2019-02-14T11:47:34.678Z,36,38.3680534362793,14.80384349822998,3,3,0
2019-02-14T11:47:40.063Z,36,38.19444274902344,14.212957382202148,3,3,0
2019-02-14T11:47:45.070Z,36,38.41145706176758,11.608086585998535,3,3,0
2019-02-14T11:47:50.091Z,36,36.83449172973633,11.551323890686035,3,3,0
2019-02-14T11:47:55.606Z,36,37.8327522277832,12.095745086669922,3,3,0
2019-02-14T11:48:00.751Z,36,36.61747741699219,9.75309944152832,3,3,0
2019-02-14T11:48:06.083Z,36,36.99363327026367,7.220630168914795,3,3,0
2019-02-14T11:48:11.089Z,36,37.21064758300781,5.569594383239746,3,3,0
2019-02-14T11:48:16.089Z,36,37.76041793823242,2.4040727615356445,3,3,0
2019-02-14T11:48:21.094Z,36,36.472801208496094,3.10185170173645,3,3,0
2019-02-14T11:48:26.102Z,36,36.76215362548828,2.968076467514038,3,3,0
2019-02-14T11:48:31.106Z,36,38.28125,0.6496609449386597,3,3,0
2019-02-14T11:48:36.111Z,36,37.99189758300781,0,3,3,0
2019-02-14T11:48:41.120Z,36,35.60474395751953,0.6227655410766602,3,3,0
2019-02-14T11:48:46.130Z,36,36.574073791503906,1.3423043489456177,3,3,0
2019-02-14T11:48:51.162Z,36,38.41145706176758,0,3,3,0
2019-02-14T11:48:56.162Z,36,36.40046310424805,0,3,3,0
2019-02-14T11:49:01.171Z,36,36.140045166015625,0,3,3,0
2019-02-14T11:49:06.180Z,36,36.82002258300781,0,3,3,0
2019-02-14T11:49:11.201Z,36,37.861690521240234,0,3,3,0
2019-02-14T11:49:16.930Z,36,37.42766189575195,0,3,3,0
2019-02-14T11:49:22.201Z,36,37.080440521240234,0,3,3,0
2019-02-14T11:49:27.221Z,36,38.45486068725586,0,3,3,0
2019-02-14T11:49:32.248Z,36,38.440391540527344,0,3,3,0
2019-02-14T11:49:37.288Z,36,35.41666793823242,0,3,3,0
2019-02-14T11:49:42.293Z,36,35.8796272277832,0,3,3,0
2019-02-14T11:49:47.386Z,36,38.06423568725586,0,3,3,0
2019-02-14T11:49:53.027Z,36,37.659141540527344,0,3,3,0
2019-02-14T11:49:58.426Z,36,36.77661895751953,0,3,3,0
2019-02-14T11:50:03.431Z,36,37.659141540527344,0,3,3,0
2019-02-14T11:50:08.438Z,36,37.9774284362793,0,3,3,0
2019-02-14T11:50:13.477Z,36,37.659141540527344,0,3,3,0
2019-02-14T11:50:18.508Z,36,37.471065521240234,0,3,3,0
2019-02-14T11:50:23.533Z,36,36.55960464477539,0,3,3,0
2019-02-14T11:50:28.627Z,36,38.136573791503906,0,3,3,0
2019-02-14T11:50:33.633Z,36,37.080440521240234,0,3,3,0
2019-02-14T11:50:38.742Z,36,36.28472137451172,0,3,3,0
2019-02-14T11:50:44.222Z,36,37.21064758300781,0,3,3,0
2019-02-14T11:50:49.490Z,36,35.8796272277832,0,3,3,0
2019-02-14T11:50:54.830Z,36,37.06597137451172,0,3,3,0
2019-02-14T11:50:59.853Z,36,37.61574172973633,0,3,3,0
2019-02-14T11:51:04.867Z,36,37.57233810424805,0,3,3,0
2019-02-14T11:51:09.936Z,36,37.94849395751953,0,3,3,0
2019-02-14T11:51:15.031Z,36,37.471065521240234,0,3,3,0
2019-02-14T11:51:20.146Z,36,38.23784637451172,0,3,3,0
2019-02-14T11:51:25.210Z,36,36.747684478759766,0,3,3,0
2019-02-14T11:51:30.350Z,36,36.84895706176758,0,3,3,0
2019-02-14T11:51:36.031Z,36,35.80729293823242,0,3,3,0
2019-02-14T11:51:41.374Z,36,36.16897964477539,0,3,3,0
2019-02-14T11:51:46.419Z,36,36.55960464477539,0,3,3,0
2019-02-14T11:51:51.443Z,36,38.06423568725586,0,3,3,0
2019-02-14T11:51:56.509Z,36,38.12210464477539,0,3,3,0
2019-02-14T11:52:01.543Z,36,37.78935241699219,0,3,3,0
2019-02-14T11:52:06.645Z,36,37.94849395751953,0,3,3,0
2019-02-14T11:52:11.679Z,36,37.76041793823242,0,3,3,0
2019-02-14T11:52:16.734Z,36,37.77488327026367,0,3,3,0
2019-02-14T11:52:21.831Z,36,36.64641189575195,0,3,3,0
2019-02-14T11:52:26.934Z,36,37.06597137451172,0,3,3,0
2019-02-14T11:52:32.081Z,36,37.61574172973633,0,3,3,0
2019-02-14T11:52:37.190Z,36,37.18171310424805,0,3,3,0
2019-02-14T11:52:42.261Z,36,37.702545166015625,0,3,3,0
2019-02-14T11:52:47.450Z,36,36.93576431274414,0,3,3,0
2019-02-14T11:52:52.473Z,36,37.688079833984375,0,3,3,0
2019-02-14T11:52:57.658Z,36,37.00810241699219,0,3,3,0
2019-02-14T11:53:02.780Z,36,38.266780853271484,0,3,3,0
2019-02-14T11:53:07.969Z,36,37.471065521240234,0,3,3,0
2019-02-14T11:53:13.028Z,36,37.32638931274414,0,3,3,0
2019-02-14T11:53:18.148Z,36,36.34259033203125,0,3,3,0
2019-02-14T11:53:23.203Z,36,38.440391540527344,0,3,3,0
2019-02-14T11:53:28.415Z,36,36.357059478759766,0,3,3,0
2019-02-14T11:53:33.564Z,36,38.38252258300781,0,3,3,0
2019-02-14T11:53:38.761Z,36,37.06597137451172,0,3,3,0
2019-02-14T11:53:43.768Z,36,37.268516540527344,0,3,3,0
2019-02-14T11:53:48.926Z,36,37.76041793823242,0,3,3,0
2019-02-14T11:53:54.039Z,36,38.078704833984375,0,3,3,0
2019-02-14T11:53:59.163Z,36,37.8327522277832,0,3,3,0
2019-02-14T11:54:04.304Z,36,37.18171310424805,0,3,3,0
2019-02-14T11:54:09.447Z,36,37.78935241699219,0,3,3,0
2019-02-14T11:54:14.523Z,36,38.078704833984375,0,3,3,0
2019-02-14T11:54:19.728Z,36,36.77661895751953,0,3,3,0
2019-02-14T11:54:24.853Z,36,36.472801208496094,0,3,3,0
2019-02-14T11:54:29.974Z,36,39.51099395751953,0,3,3,0
2019-02-14T11:54:35.071Z,36,37.78935241699219,0,3,3,0
2019-02-14T11:54:40.307Z,36,38.28125,0,3,3,0
2019-02-14T11:54:45.499Z,36,36.704280853271484,0,3,3,0
2019-02-14T11:54:50.747Z,36,37.18171310424805,0,3,3,0
2019-02-14T11:54:56.082Z,39.11000061035156,37.644676208496094,0,3,3,0
2019-02-14T11:55:01.609Z,39.11000061035156,37.42766189575195,1.2274640798568726,3,3,0
2019-02-14T11:55:06.711Z,39.11000061035156,37.84722137451172,1.262514352798462,3,3,0
2019-02-14T11:55:12.124Z,39.11000061035156,38.20891189575195,3.381646156311035,3,3,0
2019-02-14T11:55:17.144Z,39.11000061035156,36.921295166015625,7.919398307800293,3,3,0
2019-02-14T11:55:22.416Z,39.11000061035156,36.921295166015625,8.567163467407227,3,3,0
2019-02-14T11:55:27.756Z,39.11000061035156,38.657405853271484,6.770991325378418,3,3,0
2019-02-14T11:55:33.118Z,39.11000061035156,38.151039123535156,12.498316764831543,3,3,0
2019-02-14T11:55:38.140Z,39.11000061035156,38.58506774902344,13.946147918701172,3,3,0
2019-02-14T11:55:43.414Z,39.11000061035156,37.702545166015625,16.156429290771484,3,3,0
2019-02-14T11:55:48.730Z,39.11000061035156,38.38252258300781,16.619770050048828,3,3,0
2019-02-14T11:55:53.980Z,39.11000061035156,37.268516540527344,20.626968383789062,3,3,0
2019-02-14T11:55:59.331Z,39.11000061035156,38.078704833984375,21.879770278930664,3,3,0
2019-02-14T11:56:04.904Z,39.11000061035156,37.41319274902344,24.220285415649414,3,3,0
2019-02-14T11:56:10.231Z,39.11000061035156,36.93576431274414,26.396562576293945,3,3,0
2019-02-14T11:56:15.311Z,39.11000061035156,38.2233772277832,25.59026527404785,3,3,0
2019-02-14T11:56:20.615Z,39.11000061035156,39.23611068725586,26.38237190246582,3,3,0
2019-02-14T11:56:25.945Z,39.11000061035156,36.89236068725586,31.517024993896484,3,3,0
2019-02-14T11:56:31.232Z,39.11000061035156,39.033565521240234,31.876407623291016,3,3,0
2019-02-14T11:56:36.517Z,39.11000061035156,36.28472137451172,33.26605224609375,3,3,0
2019-02-14T11:56:42.012Z,39.11000061035156,38.28125,33.733734130859375,3,3,0
2019-02-14T11:56:47.101Z,39.11000061035156,37.471065521240234,36.156620025634766,3,3,0
2019-02-14T11:56:52.475Z,39.11000061035156,37.5,37.6157112121582,3,3,0
2019-02-14T11:56:57.974Z,39.11000061035156,37.355323791503906,38.98219680786133,3,3,0
2019-02-14T11:57:03.330Z,39.11000061035156,37.32638931274414,41.80943298339844,3,3,0
2019-02-14T11:57:08.448Z,39.11000061035156,37.63020706176758,42.697021484375,3,3,0
2019-02-14T11:57:13.451Z,39.11000061035156,37.32638931274414,45.631439208984375,3,3,0
2019-02-14T11:57:18.656Z,39.11000061035156,38.3680534362793,49.01001739501953,3,3,0
2019-02-14T11:57:23.795Z,39.11000061035156,36.97916793823242,49.25450897216797,3,3,0
2019-02-14T11:57:29.089Z,39.11000061035156,38.06423568725586,50.63471984863281,3,3,0
2019-02-14T11:57:34.365Z,39.11000061035156,38.23784637451172,53.332496643066406,3,3,0
2019-02-14T11:57:40.014Z,39.11000061035156,37.73147964477539,55.33732604980469,3,3,0
2019-02-14T11:57:45.228Z,39.11000061035156,37.80381774902344,56.035682678222656,3,3,0
2019-02-14T11:57:50.268Z,39.11000061035156,37.688079833984375,58.54915237426758,3,3,0
2019-02-14T11:57:55.584Z,39.11000061035156,38.23784637451172,60.660614013671875,3,3,0
2019-02-14T11:58:00.637Z,39.11000061035156,37.57233810424805,62.84847640991211,3,3,0
2019-02-14T11:58:05.819Z,39.11000061035156,38.657405853271484,63.32986831665039,3,3,0
2019-02-14T11:58:11.191Z,39.11000061035156,38.35358810424805,67.71280670166016,3,3,0
2019-02-14T11:58:16.690Z,39.11000061035156,37.78935241699219,65.74478912353516,3,3,0
2019-02-14T11:58:22.513Z,39.11000061035156,38.51272964477539,72.1865005493164,3,3,0
2019-02-14T11:58:28.007Z,39.11000061035156,38.88888931274414,72.61651611328125,3,3,0
2019-02-14T11:58:33.756Z,39.11000061035156,37.919559478759766,74.90815734863281,3,3,0
2019-02-14T11:58:39.305Z,39.11000061035156,38.3680534362793,76.94219970703125,3,3,0
2019-02-14T11:58:44.694Z,39.11000061035156,37.55786895751953,78.387939453125,3,3,0
